Overriding model.yaml nc=80 with nc=3

                 from  n    params  module                                  arguments
  0                -1  1      3520  models.common.Conv                      [3, 32, 6, 2, 2]
  1                -1  1     18560  models.common.Conv                      [32, 64, 3, 2]
  2                -1  1     18816  models.common.C3                        [64, 64, 1]
  3                -1  1     73984  models.common.Conv                      [64, 128, 3, 2]
  4                -1  2    115712  models.common.C3                        [128, 128, 2]
  5                -1  1    295424  models.common.Conv                      [128, 256, 3, 2]
  6                -1  3    625152  models.common.C3                        [256, 256, 3]
  7                -1  1   1180672  models.common.Conv                      [256, 512, 3, 2]
  8                -1  1   1182720  models.common.C3                        [512, 512, 1]
  9                -1  1    656896  models.common.SPPF                      [512, 512, 5]
 10                -1  1    131584  models.common.Conv                      [512, 256, 1, 1]
 11                -1  1         0  torch.nn.modules.upsampling.Upsample    [None, 2, 'nearest']
 12           [-1, 6]  1         0  models.common.Concat                    [1]
 13                -1  1    361984  models.common.C3                        [512, 256, 1, False]
 14                -1  1     33024  models.common.Conv                      [256, 128, 1, 1]
 15                -1  1         0  torch.nn.modules.upsampling.Upsample    [None, 2, 'nearest']
 16           [-1, 4]  1         0  models.common.Concat                    [1]
 17                -1  1     90880  models.common.C3                        [256, 128, 1, False]
 18                -1  1    147712  models.common.Conv                      [128, 128, 3, 2]
 19          [-1, 14]  1         0  models.common.Concat                    [1]
 20                -1  1    296448  models.common.C3                        [256, 256, 1, False]
 21                -1  1    590336  models.common.Conv                      [256, 256, 3, 2]
 22          [-1, 10]  1         0  models.common.Concat                    [1]
 23                -1  1   1182720  models.common.C3                        [512, 512, 1, False]
 24      [17, 20, 23]  1     21576  models.yolo.Detect                      [3, [[10, 13, 16, 30, 33, 23], [30, 61, 62, 45, 59, 119], [116, 90, 156, 198, 373, 326]], [128, 256, 512]]
Model summary: 214 layers, 7027720 parameters, 7027720 gradients, 16.0 GFLOPs

Transferred 343/349 items from yolov5s.pt
/content/drive/MyDrive/Yolo_Object-Detection/yolov5/models/common.py:895: FutureWarning: `torch.cuda.amp.autocast(args...)` is deprecated. Please use `torch.amp.autocast('cuda', args...)` instead.
  with amp.autocast(autocast):
/content/drive/MyDrive/Yolo_Object-Detection/yolov5/models/common.py:895: FutureWarning: `torch.cuda.amp.autocast(args...)` is deprecated. Please use `torch.amp.autocast('cuda', args...)` instead.
  with amp.autocast(autocast):
[34m[1mAMP: [0mchecks passed ✅
WARNING ⚠️ --img-size 720 must be multiple of max stride 32, updating to 736
[34m[1moptimizer:[0m SGD(lr=0.01) with parameter groups 57 weight(decay=0.0), 60 weight(decay=0.0005), 60 bias
[34m[1malbumentations: [0mBlur(p=0.01, blur_limit=(3, 7)), MedianBlur(p=0.01, blur_limit=(3, 7)), ToGray(p=0.01, num_output_channels=3, method='weighted_average'), CLAHE(p=0.01, clip_limit=(1.0, 4.0), tile_grid_size=(8, 8))
[34m[1mtrain: [0mScanning /content/drive/MyDrive/Yolo_Object-Detection/finished_datasets/labels/train.cache... 240 images, 0 backgrounds, 0 corrupt: 100% 240/240 [00:00<?, ?it/s]
[34m[1mtrain: [0mWARNING ⚠️ /content/drive/MyDrive/Yolo_Object-Detection/finished_datasets/images/train/apple_62.jpg: corrupt JPEG restored and saved
[34m[1mval: [0mScanning /content/drive/MyDrive/Yolo_Object-Detection/finished_datasets/labels/val.cache... 59 images, 0 backgrounds, 0 corrupt: 100% 59/59 [00:00<?, ?it/s]

[34m[1mAutoAnchor: [0m2.96 anchors/target, 1.000 Best Possible Recall (BPR). Current anchors are a good fit to dataset ✅
Plotting labels to drive/MyDrive/Yolo_Object-Detection/yolov5/runs/train/exp8/labels.jpg...
/content/drive/MyDrive/Yolo_Object-Detection/yolov5/train.py:355: FutureWarning: `torch.cuda.amp.GradScaler(args...)` is deprecated. Please use `torch.amp.GradScaler('cuda', args...)` instead.
  scaler = torch.cuda.amp.GradScaler(enabled=amp)
Image sizes 736 train, 736 val
Using 2 dataloader workers
Logging results to [1mdrive/MyDrive/Yolo_Object-Detection/yolov5/runs/train/exp8[0m
Starting training for 50 epochs...

      Epoch    GPU_mem   box_loss   obj_loss   cls_loss  Instances       Size
  0% 0/15 [00:00<?, ?it/s]/content/drive/MyDrive/Yolo_Object-Detection/yolov5/train.py:412: FutureWarning: `torch.cuda.amp.autocast(args...)` is deprecated. Please use `torch.amp.autocast('cuda', args...)` instead.
  with torch.cuda.amp.autocast(amp):
       0/49      4.49G    0.07632    0.04303    0.02595         67        736:   0% 0/15 [00:01<?, ?it/s]WARNING ⚠️ TensorBoard graph visualization failure Sizes of tensors must match except in dimension 1. Expected size 46 but got size 45 for tensor number 1 in the list.
       0/49      4.49G    0.07632    0.04303    0.02595         67        736:   7% 1/15 [00:02<00:38,  2.74s/it]/content/drive/MyDrive/Yolo_Object-Detection/yolov5/train.py:412: FutureWarning: `torch.cuda.amp.autocast(args...)` is deprecated. Please use `torch.amp.autocast('cuda', args...)` instead.
  with torch.cuda.amp.autocast(amp):
       0/49       4.5G     0.1003    0.04325    0.03187         76        736:  13% 2/15 [00:03<00:17,  1.37s/it]/content/drive/MyDrive/Yolo_Object-Detection/yolov5/train.py:412: FutureWarning: `torch.cuda.amp.autocast(args...)` is deprecated. Please use `torch.amp.autocast('cuda', args...)` instead.
  with torch.cuda.amp.autocast(amp):
       0/49       4.5G     0.1068    0.04449    0.03411         77        736:  20% 3/15 [00:03<00:11,  1.05it/s]/content/drive/MyDrive/Yolo_Object-Detection/yolov5/train.py:412: FutureWarning: `torch.cuda.amp.autocast(args...)` is deprecated. Please use `torch.amp.autocast('cuda', args...)` instead.
  with torch.cuda.amp.autocast(amp):
       0/49       4.5G     0.1116     0.0441    0.03558         77        736:  27% 4/15 [00:04<00:08,  1.25it/s]/content/drive/MyDrive/Yolo_Object-Detection/yolov5/train.py:412: FutureWarning: `torch.cuda.amp.autocast(args...)` is deprecated. Please use `torch.amp.autocast('cuda', args...)` instead.
  with torch.cuda.amp.autocast(amp):
       0/49       4.5G     0.1116    0.04289      0.036         53        736:  33% 5/15 [00:04<00:07,  1.39it/s]/content/drive/MyDrive/Yolo_Object-Detection/yolov5/train.py:412: FutureWarning: `torch.cuda.amp.autocast(args...)` is deprecated. Please use `torch.amp.autocast('cuda', args...)` instead.
  with torch.cuda.amp.autocast(amp):
       0/49       4.5G     0.1124    0.04358    0.03712         89        736:  40% 6/15 [00:07<00:12,  1.38s/it]/content/drive/MyDrive/Yolo_Object-Detection/yolov5/train.py:412: FutureWarning: `torch.cuda.amp.autocast(args...)` is deprecated. Please use `torch.amp.autocast('cuda', args...)` instead.
  with torch.cuda.amp.autocast(amp):
       0/49       4.5G     0.1118    0.04364    0.03801         74        736:  47% 7/15 [00:07<00:08,  1.07s/it]/content/drive/MyDrive/Yolo_Object-Detection/yolov5/train.py:412: FutureWarning: `torch.cuda.amp.autocast(args...)` is deprecated. Please use `torch.amp.autocast('cuda', args...)` instead.
  with torch.cuda.amp.autocast(amp):
       0/49       4.5G     0.1065    0.04317    0.03633         62        736:  53% 8/15 [00:10<00:09,  1.42s/it]/content/drive/MyDrive/Yolo_Object-Detection/yolov5/train.py:412: FutureWarning: `torch.cuda.amp.autocast(args...)` is deprecated. Please use `torch.amp.autocast('cuda', args...)` instead.
  with torch.cuda.amp.autocast(amp):
       0/49       4.5G     0.1024    0.04324    0.03519         75        736:  60% 9/15 [00:10<00:06,  1.09s/it]/content/drive/MyDrive/Yolo_Object-Detection/yolov5/train.py:412: FutureWarning: `torch.cuda.amp.autocast(args...)` is deprecated. Please use `torch.amp.autocast('cuda', args...)` instead.
  with torch.cuda.amp.autocast(amp):
       0/49       4.5G    0.09871    0.04321    0.03425         67        736:  67% 10/15 [00:12<00:06,  1.36s/it]/content/drive/MyDrive/Yolo_Object-Detection/yolov5/train.py:412: FutureWarning: `torch.cuda.amp.autocast(args...)` is deprecated. Please use `torch.amp.autocast('cuda', args...)` instead.
  with torch.cuda.amp.autocast(amp):
       0/49       4.5G    0.09898    0.04355    0.03439         84        736:  73% 11/15 [00:12<00:04,  1.10s/it]/content/drive/MyDrive/Yolo_Object-Detection/yolov5/train.py:412: FutureWarning: `torch.cuda.amp.autocast(args...)` is deprecated. Please use `torch.amp.autocast('cuda', args...)` instead.
  with torch.cuda.amp.autocast(amp):
       0/49       4.5G    0.09794    0.04317     0.0349         55        736:  80% 12/15 [00:13<00:03,  1.11s/it]/content/drive/MyDrive/Yolo_Object-Detection/yolov5/train.py:412: FutureWarning: `torch.cuda.amp.autocast(args...)` is deprecated. Please use `torch.amp.autocast('cuda', args...)` instead.
  with torch.cuda.amp.autocast(amp):
       0/49       4.5G    0.09884    0.04348    0.03509         83        736:  87% 13/15 [00:14<00:02,  1.02s/it]/content/drive/MyDrive/Yolo_Object-Detection/yolov5/train.py:412: FutureWarning: `torch.cuda.amp.autocast(args...)` is deprecated. Please use `torch.amp.autocast('cuda', args...)` instead.
  with torch.cuda.amp.autocast(amp):
       0/49       4.5G    0.09798    0.04407    0.03537         95        736:  93% 14/15 [00:15<00:00,  1.06it/s]/content/drive/MyDrive/Yolo_Object-Detection/yolov5/train.py:412: FutureWarning: `torch.cuda.amp.autocast(args...)` is deprecated. Please use `torch.amp.autocast('cuda', args...)` instead.
  with torch.cuda.amp.autocast(amp):
       0/49       4.5G    0.09791    0.04451    0.03564         86        736: 100% 15/15 [00:16<00:00,  1.09s/it]
                 Class     Images  Instances          P          R      mAP50   mAP50-95: 100% 2/2 [00:04<00:00,  2.38s/it]
                   all         59        112    0.00423      0.638     0.0315    0.00604

      Epoch    GPU_mem   box_loss   obj_loss   cls_loss  Instances       Size
  0% 0/15 [00:00<?, ?it/s]/content/drive/MyDrive/Yolo_Object-Detection/yolov5/train.py:412: FutureWarning: `torch.cuda.amp.autocast(args...)` is deprecated. Please use `torch.amp.autocast('cuda', args...)` instead.
  with torch.cuda.amp.autocast(amp):
       1/49      5.52G    0.09376    0.05449    0.04076         98        736:   7% 1/15 [00:00<00:05,  2.68it/s]/content/drive/MyDrive/Yolo_Object-Detection/yolov5/train.py:412: FutureWarning: `torch.cuda.amp.autocast(args...)` is deprecated. Please use `torch.amp.autocast('cuda', args...)` instead.
  with torch.cuda.amp.autocast(amp):
       1/49      5.52G     0.1019    0.05049    0.03931         77        736:  13% 2/15 [00:00<00:04,  2.91it/s]/content/drive/MyDrive/Yolo_Object-Detection/yolov5/train.py:412: FutureWarning: `torch.cuda.amp.autocast(args...)` is deprecated. Please use `torch.amp.autocast('cuda', args...)` instead.
  with torch.cuda.amp.autocast(amp):
       1/49      5.52G    0.09779    0.04774     0.0398         68        736:  20% 3/15 [00:00<00:03,  3.14it/s]/content/drive/MyDrive/Yolo_Object-Detection/yolov5/train.py:412: FutureWarning: `torch.cuda.amp.autocast(args...)` is deprecated. Please use `torch.amp.autocast('cuda', args...)` instead.
  with torch.cuda.amp.autocast(amp):
       1/49      5.52G    0.09409    0.04695    0.03971         74        736:  27% 4/15 [00:01<00:03,  3.10it/s]/content/drive/MyDrive/Yolo_Object-Detection/yolov5/train.py:412: FutureWarning: `torch.cuda.amp.autocast(args...)` is deprecated. Please use `torch.amp.autocast('cuda', args...)` instead.
  with torch.cuda.amp.autocast(amp):
       1/49      5.52G    0.09182    0.04623    0.03982         78        736:  33% 5/15 [00:02<00:07,  1.35it/s]/content/drive/MyDrive/Yolo_Object-Detection/yolov5/train.py:412: FutureWarning: `torch.cuda.amp.autocast(args...)` is deprecated. Please use `torch.amp.autocast('cuda', args...)` instead.
  with torch.cuda.amp.autocast(amp):
       1/49      5.52G    0.09019    0.04424    0.04005         54        736:  40% 6/15 [00:03<00:07,  1.18it/s]/content/drive/MyDrive/Yolo_Object-Detection/yolov5/train.py:412: FutureWarning: `torch.cuda.amp.autocast(args...)` is deprecated. Please use `torch.amp.autocast('cuda', args...)` instead.
  with torch.cuda.amp.autocast(amp):
       1/49      5.52G     0.0883    0.04371    0.03901         68        736:  47% 7/15 [00:04<00:07,  1.12it/s]/content/drive/MyDrive/Yolo_Object-Detection/yolov5/train.py:412: FutureWarning: `torch.cuda.amp.autocast(args...)` is deprecated. Please use `torch.amp.autocast('cuda', args...)` instead.
  with torch.cuda.amp.autocast(amp):
       1/49      5.52G    0.08461    0.04292    0.03721         62        736:  53% 8/15 [00:07<00:10,  1.54s/it]/content/drive/MyDrive/Yolo_Object-Detection/yolov5/train.py:412: FutureWarning: `torch.cuda.amp.autocast(args...)` is deprecated. Please use `torch.amp.autocast('cuda', args...)` instead.
  with torch.cuda.amp.autocast(amp):
       1/49      5.52G    0.08581    0.04297    0.03752         77        736:  60% 9/15 [00:08<00:06,  1.15s/it]/content/drive/MyDrive/Yolo_Object-Detection/yolov5/train.py:412: FutureWarning: `torch.cuda.amp.autocast(args...)` is deprecated. Please use `torch.amp.autocast('cuda', args...)` instead.
  with torch.cuda.amp.autocast(amp):
       1/49      5.52G    0.08259    0.04246    0.03626         60        736:  67% 10/15 [00:09<00:05,  1.11s/it]/content/drive/MyDrive/Yolo_Object-Detection/yolov5/train.py:412: FutureWarning: `torch.cuda.amp.autocast(args...)` is deprecated. Please use `torch.amp.autocast('cuda', args...)` instead.
  with torch.cuda.amp.autocast(amp):
       1/49      5.52G       0.08    0.04268    0.03521         74        736:  73% 11/15 [00:09<00:03,  1.17it/s]/content/drive/MyDrive/Yolo_Object-Detection/yolov5/train.py:412: FutureWarning: `torch.cuda.amp.autocast(args...)` is deprecated. Please use `torch.amp.autocast('cuda', args...)` instead.
  with torch.cuda.amp.autocast(amp):
       1/49      5.52G    0.07897    0.04219    0.03575         62        736:  80% 12/15 [00:10<00:02,  1.02it/s]/content/drive/MyDrive/Yolo_Object-Detection/yolov5/train.py:412: FutureWarning: `torch.cuda.amp.autocast(args...)` is deprecated. Please use `torch.amp.autocast('cuda', args...)` instead.
  with torch.cuda.amp.autocast(amp):
       1/49      5.52G    0.07693    0.04184     0.0349         63        736:  87% 13/15 [00:10<00:01,  1.31it/s]/content/drive/MyDrive/Yolo_Object-Detection/yolov5/train.py:412: FutureWarning: `torch.cuda.amp.autocast(args...)` is deprecated. Please use `torch.amp.autocast('cuda', args...)` instead.
  with torch.cuda.amp.autocast(amp):
       1/49      5.52G    0.07841    0.04176    0.03508         69        736:  93% 14/15 [00:12<00:00,  1.10it/s]/content/drive/MyDrive/Yolo_Object-Detection/yolov5/train.py:412: FutureWarning: `torch.cuda.amp.autocast(args...)` is deprecated. Please use `torch.amp.autocast('cuda', args...)` instead.
  with torch.cuda.amp.autocast(amp):
       1/49      5.52G    0.07837    0.04186    0.03497         68        736: 100% 15/15 [00:12<00:00,  1.21it/s]
                 Class     Images  Instances          P          R      mAP50   mAP50-95: 100% 2/2 [00:01<00:00,  1.00it/s]
                   all         59        112      0.069      0.578     0.0949     0.0274

      Epoch    GPU_mem   box_loss   obj_loss   cls_loss  Instances       Size
  0% 0/15 [00:00<?, ?it/s]/content/drive/MyDrive/Yolo_Object-Detection/yolov5/train.py:412: FutureWarning: `torch.cuda.amp.autocast(args...)` is deprecated. Please use `torch.amp.autocast('cuda', args...)` instead.
  with torch.cuda.amp.autocast(amp):
       2/49      5.52G    0.05019    0.03405    0.02512         57        736:   7% 1/15 [00:00<00:04,  3.23it/s]/content/drive/MyDrive/Yolo_Object-Detection/yolov5/train.py:412: FutureWarning: `torch.cuda.amp.autocast(args...)` is deprecated. Please use `torch.amp.autocast('cuda', args...)` instead.
  with torch.cuda.amp.autocast(amp):
       2/49      5.52G    0.06224    0.03635    0.03377         68        736:  13% 2/15 [00:00<00:03,  3.50it/s]/content/drive/MyDrive/Yolo_Object-Detection/yolov5/train.py:412: FutureWarning: `torch.cuda.amp.autocast(args...)` is deprecated. Please use `torch.amp.autocast('cuda', args...)` instead.
  with torch.cuda.amp.autocast(amp):
       2/49      5.52G     0.0712     0.0378    0.03511         67        736:  20% 3/15 [00:00<00:03,  3.32it/s]/content/drive/MyDrive/Yolo_Object-Detection/yolov5/train.py:412: FutureWarning: `torch.cuda.amp.autocast(args...)` is deprecated. Please use `torch.amp.autocast('cuda', args...)` instead.
  with torch.cuda.amp.autocast(amp):
       2/49      5.52G    0.07289    0.03767    0.03482         61        736:  27% 4/15 [00:01<00:03,  3.02it/s]/content/drive/MyDrive/Yolo_Object-Detection/yolov5/train.py:412: FutureWarning: `torch.cuda.amp.autocast(args...)` is deprecated. Please use `torch.amp.autocast('cuda', args...)` instead.
  with torch.cuda.amp.autocast(amp):
       2/49      5.52G    0.07162    0.03936    0.03413         74        736:  33% 5/15 [00:02<00:07,  1.37it/s]/content/drive/MyDrive/Yolo_Object-Detection/yolov5/train.py:412: FutureWarning: `torch.cuda.amp.autocast(args...)` is deprecated. Please use `torch.amp.autocast('cuda', args...)` instead.
  with torch.cuda.amp.autocast(amp):
       2/49      5.52G    0.07346    0.03769    0.03507         51        736:  40% 6/15 [00:03<00:06,  1.30it/s]/content/drive/MyDrive/Yolo_Object-Detection/yolov5/train.py:412: FutureWarning: `torch.cuda.amp.autocast(args...)` is deprecated. Please use `torch.amp.autocast('cuda', args...)` instead.
  with torch.cuda.amp.autocast(amp):
       2/49      5.52G    0.07298    0.03867    0.03515         80        736:  47% 7/15 [00:05<00:07,  1.01it/s]/content/drive/MyDrive/Yolo_Object-Detection/yolov5/train.py:412: FutureWarning: `torch.cuda.amp.autocast(args...)` is deprecated. Please use `torch.amp.autocast('cuda', args...)` instead.
  with torch.cuda.amp.autocast(amp):
       2/49      5.52G    0.07192     0.0384    0.03496         62        736:  53% 8/15 [00:06<00:07,  1.05s/it]/content/drive/MyDrive/Yolo_Object-Detection/yolov5/train.py:412: FutureWarning: `torch.cuda.amp.autocast(args...)` is deprecated. Please use `torch.amp.autocast('cuda', args...)` instead.
  with torch.cuda.amp.autocast(amp):
       2/49      5.52G    0.06896    0.03855    0.03374         67        736:  60% 9/15 [00:07<00:07,  1.21s/it]/content/drive/MyDrive/Yolo_Object-Detection/yolov5/train.py:412: FutureWarning: `torch.cuda.amp.autocast(args...)` is deprecated. Please use `torch.amp.autocast('cuda', args...)` instead.
  with torch.cuda.amp.autocast(amp):
       2/49      5.52G    0.06661    0.03884    0.03268         72        736:  67% 10/15 [00:09<00:07,  1.44s/it]/content/drive/MyDrive/Yolo_Object-Detection/yolov5/train.py:412: FutureWarning: `torch.cuda.amp.autocast(args...)` is deprecated. Please use `torch.amp.autocast('cuda', args...)` instead.
  with torch.cuda.amp.autocast(amp):
       2/49      5.52G    0.06417    0.03852    0.03168         59        736:  73% 11/15 [00:10<00:04,  1.23s/it]/content/drive/MyDrive/Yolo_Object-Detection/yolov5/train.py:412: FutureWarning: `torch.cuda.amp.autocast(args...)` is deprecated. Please use `torch.amp.autocast('cuda', args...)` instead.
  with torch.cuda.amp.autocast(amp):
       2/49      5.52G    0.06454     0.0386    0.03289         74        736:  80% 12/15 [00:11<00:03,  1.32s/it]/content/drive/MyDrive/Yolo_Object-Detection/yolov5/train.py:412: FutureWarning: `torch.cuda.amp.autocast(args...)` is deprecated. Please use `torch.amp.autocast('cuda', args...)` instead.
  with torch.cuda.amp.autocast(amp):
       2/49      5.52G    0.06518    0.03914    0.03304         86        736:  87% 13/15 [00:12<00:02,  1.13s/it]/content/drive/MyDrive/Yolo_Object-Detection/yolov5/train.py:412: FutureWarning: `torch.cuda.amp.autocast(args...)` is deprecated. Please use `torch.amp.autocast('cuda', args...)` instead.
  with torch.cuda.amp.autocast(amp):
       2/49      5.52G    0.06523    0.03896    0.03306         66        736:  93% 14/15 [00:13<00:00,  1.02it/s]/content/drive/MyDrive/Yolo_Object-Detection/yolov5/train.py:412: FutureWarning: `torch.cuda.amp.autocast(args...)` is deprecated. Please use `torch.amp.autocast('cuda', args...)` instead.
  with torch.cuda.amp.autocast(amp):
       2/49      5.52G    0.06527    0.03974    0.03343         91        736: 100% 15/15 [00:13<00:00,  1.08it/s]
                 Class     Images  Instances          P          R      mAP50   mAP50-95: 100% 2/2 [00:01<00:00,  1.20it/s]
                   all         59        112      0.133      0.309      0.148     0.0575

      Epoch    GPU_mem   box_loss   obj_loss   cls_loss  Instances       Size
  0% 0/15 [00:00<?, ?it/s]/content/drive/MyDrive/Yolo_Object-Detection/yolov5/train.py:412: FutureWarning: `torch.cuda.amp.autocast(args...)` is deprecated. Please use `torch.amp.autocast('cuda', args...)` instead.
  with torch.cuda.amp.autocast(amp):
       3/49      5.52G    0.07334    0.03211    0.03548         57        736:   7% 1/15 [00:00<00:05,  2.75it/s]/content/drive/MyDrive/Yolo_Object-Detection/yolov5/train.py:412: FutureWarning: `torch.cuda.amp.autocast(args...)` is deprecated. Please use `torch.amp.autocast('cuda', args...)` instead.
  with torch.cuda.amp.autocast(amp):
       3/49      5.52G    0.07571    0.03074    0.03547         53        736:  13% 2/15 [00:00<00:04,  3.07it/s]/content/drive/MyDrive/Yolo_Object-Detection/yolov5/train.py:412: FutureWarning: `torch.cuda.amp.autocast(args...)` is deprecated. Please use `torch.amp.autocast('cuda', args...)` instead.
  with torch.cuda.amp.autocast(amp):
       3/49      5.52G     0.0734    0.03445    0.03313         76        736:  20% 3/15 [00:00<00:03,  3.35it/s]/content/drive/MyDrive/Yolo_Object-Detection/yolov5/train.py:412: FutureWarning: `torch.cuda.amp.autocast(args...)` is deprecated. Please use `torch.amp.autocast('cuda', args...)` instead.
  with torch.cuda.amp.autocast(amp):
       3/49      5.52G    0.06474    0.03424    0.02987         65        736:  27% 4/15 [00:01<00:03,  3.16it/s]/content/drive/MyDrive/Yolo_Object-Detection/yolov5/train.py:412: FutureWarning: `torch.cuda.amp.autocast(args...)` is deprecated. Please use `torch.amp.autocast('cuda', args...)` instead.
  with torch.cuda.amp.autocast(amp):
       3/49      5.52G    0.06479    0.03362    0.03022         62        736:  33% 5/15 [00:02<00:05,  1.83it/s]/content/drive/MyDrive/Yolo_Object-Detection/yolov5/train.py:412: FutureWarning: `torch.cuda.amp.autocast(args...)` is deprecated. Please use `torch.amp.autocast('cuda', args...)` instead.
  with torch.cuda.amp.autocast(amp):
       3/49      5.52G    0.06048    0.03304    0.02859         58        736:  40% 6/15 [00:02<00:04,  2.12it/s]/content/drive/MyDrive/Yolo_Object-Detection/yolov5/train.py:412: FutureWarning: `torch.cuda.amp.autocast(args...)` is deprecated. Please use `torch.amp.autocast('cuda', args...)` instead.
  with torch.cuda.amp.autocast(amp):
       3/49      5.52G    0.06241    0.03256    0.02825         61        736:  47% 7/15 [00:03<00:05,  1.56it/s]/content/drive/MyDrive/Yolo_Object-Detection/yolov5/train.py:412: FutureWarning: `torch.cuda.amp.autocast(args...)` is deprecated. Please use `torch.amp.autocast('cuda', args...)` instead.
  with torch.cuda.amp.autocast(amp):
       3/49      5.52G    0.06146    0.03287    0.02817         74        736:  53% 8/15 [00:03<00:03,  1.84it/s]/content/drive/MyDrive/Yolo_Object-Detection/yolov5/train.py:412: FutureWarning: `torch.cuda.amp.autocast(args...)` is deprecated. Please use `torch.amp.autocast('cuda', args...)` instead.
  with torch.cuda.amp.autocast(amp):
       3/49      5.52G      0.062    0.03293    0.02871         69        736:  60% 9/15 [00:06<00:06,  1.06s/it]/content/drive/MyDrive/Yolo_Object-Detection/yolov5/train.py:412: FutureWarning: `torch.cuda.amp.autocast(args...)` is deprecated. Please use `torch.amp.autocast('cuda', args...)` instead.
  with torch.cuda.amp.autocast(amp):
       3/49      5.52G    0.05988    0.03233     0.0277         50        736:  67% 10/15 [00:06<00:04,  1.23it/s]/content/drive/MyDrive/Yolo_Object-Detection/yolov5/train.py:412: FutureWarning: `torch.cuda.amp.autocast(args...)` is deprecated. Please use `torch.amp.autocast('cuda', args...)` instead.
  with torch.cuda.amp.autocast(amp):
       3/49      5.52G    0.05795    0.03234    0.02708         66        736:  73% 11/15 [00:08<00:05,  1.28s/it]/content/drive/MyDrive/Yolo_Object-Detection/yolov5/train.py:412: FutureWarning: `torch.cuda.amp.autocast(args...)` is deprecated. Please use `torch.amp.autocast('cuda', args...)` instead.
  with torch.cuda.amp.autocast(amp):
       3/49      5.52G    0.05863    0.03238    0.02722         74        736:  80% 12/15 [00:10<00:04,  1.41s/it]/content/drive/MyDrive/Yolo_Object-Detection/yolov5/train.py:412: FutureWarning: `torch.cuda.amp.autocast(args...)` is deprecated. Please use `torch.amp.autocast('cuda', args...)` instead.
  with torch.cuda.amp.autocast(amp):
       3/49      5.52G    0.05966    0.03223    0.02689         70        736:  87% 13/15 [00:11<00:02,  1.20s/it]/content/drive/MyDrive/Yolo_Object-Detection/yolov5/train.py:412: FutureWarning: `torch.cuda.amp.autocast(args...)` is deprecated. Please use `torch.amp.autocast('cuda', args...)` instead.
  with torch.cuda.amp.autocast(amp):
       3/49      5.52G    0.06056    0.03215    0.02706         70        736:  93% 14/15 [00:13<00:01,  1.49s/it]/content/drive/MyDrive/Yolo_Object-Detection/yolov5/train.py:412: FutureWarning: `torch.cuda.amp.autocast(args...)` is deprecated. Please use `torch.amp.autocast('cuda', args...)` instead.
  with torch.cuda.amp.autocast(amp):
       3/49      5.52G    0.06106    0.03204    0.02763         70        736: 100% 15/15 [00:14<00:00,  1.06it/s]
                 Class     Images  Instances          P          R      mAP50   mAP50-95: 100% 2/2 [00:01<00:00,  1.14it/s]
                   all         59        112      0.183       0.39      0.211     0.0737

      Epoch    GPU_mem   box_loss   obj_loss   cls_loss  Instances       Size
  0% 0/15 [00:00<?, ?it/s]/content/drive/MyDrive/Yolo_Object-Detection/yolov5/train.py:412: FutureWarning: `torch.cuda.amp.autocast(args...)` is deprecated. Please use `torch.amp.autocast('cuda', args...)` instead.
  with torch.cuda.amp.autocast(amp):
       4/49      5.52G    0.06455    0.04592    0.02527         94        736:   7% 1/15 [00:00<00:04,  3.28it/s]/content/drive/MyDrive/Yolo_Object-Detection/yolov5/train.py:412: FutureWarning: `torch.cuda.amp.autocast(args...)` is deprecated. Please use `torch.amp.autocast('cuda', args...)` instead.
  with torch.cuda.amp.autocast(amp):
       4/49      5.52G    0.05185    0.03981    0.02241         75        736:  13% 2/15 [00:00<00:03,  3.67it/s]/content/drive/MyDrive/Yolo_Object-Detection/yolov5/train.py:412: FutureWarning: `torch.cuda.amp.autocast(args...)` is deprecated. Please use `torch.amp.autocast('cuda', args...)` instead.
  with torch.cuda.amp.autocast(amp):
       4/49      5.52G    0.04617    0.03655    0.02074         74        736:  20% 3/15 [00:00<00:03,  3.24it/s]/content/drive/MyDrive/Yolo_Object-Detection/yolov5/train.py:412: FutureWarning: `torch.cuda.amp.autocast(args...)` is deprecated. Please use `torch.amp.autocast('cuda', args...)` instead.
  with torch.cuda.amp.autocast(amp):
       4/49      5.52G    0.04979     0.0363    0.02392         78        736:  27% 4/15 [00:01<00:04,  2.37it/s]/content/drive/MyDrive/Yolo_Object-Detection/yolov5/train.py:412: FutureWarning: `torch.cuda.amp.autocast(args...)` is deprecated. Please use `torch.amp.autocast('cuda', args...)` instead.
  with torch.cuda.amp.autocast(amp):
       4/49      5.52G      0.052    0.03553     0.0251         74        736:  33% 5/15 [00:02<00:04,  2.02it/s]/content/drive/MyDrive/Yolo_Object-Detection/yolov5/train.py:412: FutureWarning: `torch.cuda.amp.autocast(args...)` is deprecated. Please use `torch.amp.autocast('cuda', args...)` instead.
  with torch.cuda.amp.autocast(amp):
       4/49      5.52G    0.05132    0.03474    0.02366         73        736:  40% 6/15 [00:02<00:05,  1.76it/s]/content/drive/MyDrive/Yolo_Object-Detection/yolov5/train.py:412: FutureWarning: `torch.cuda.amp.autocast(args...)` is deprecated. Please use `torch.amp.autocast('cuda', args...)` instead.
  with torch.cuda.amp.autocast(amp):
       4/49      5.52G    0.05484    0.03471    0.02417         75        736:  47% 7/15 [00:03<00:04,  1.68it/s]/content/drive/MyDrive/Yolo_Object-Detection/yolov5/train.py:412: FutureWarning: `torch.cuda.amp.autocast(args...)` is deprecated. Please use `torch.amp.autocast('cuda', args...)` instead.
  with torch.cuda.amp.autocast(amp):
       4/49      5.52G     0.0522     0.0334     0.0233         52        736:  53% 8/15 [00:04<00:04,  1.61it/s]/content/drive/MyDrive/Yolo_Object-Detection/yolov5/train.py:412: FutureWarning: `torch.cuda.amp.autocast(args...)` is deprecated. Please use `torch.amp.autocast('cuda', args...)` instead.
  with torch.cuda.amp.autocast(amp):
       4/49      5.52G     0.0521    0.03338    0.02451         73        736:  60% 9/15 [00:04<00:04,  1.49it/s]/content/drive/MyDrive/Yolo_Object-Detection/yolov5/train.py:412: FutureWarning: `torch.cuda.amp.autocast(args...)` is deprecated. Please use `torch.amp.autocast('cuda', args...)` instead.
  with torch.cuda.amp.autocast(amp):
       4/49      5.52G    0.05222    0.03293    0.02415         63        736:  67% 10/15 [00:05<00:03,  1.38it/s]/content/drive/MyDrive/Yolo_Object-Detection/yolov5/train.py:412: FutureWarning: `torch.cuda.amp.autocast(args...)` is deprecated. Please use `torch.amp.autocast('cuda', args...)` instead.
  with torch.cuda.amp.autocast(amp):
       4/49      5.52G    0.05078    0.03287    0.02345         67        736:  73% 11/15 [00:06<00:02,  1.41it/s]/content/drive/MyDrive/Yolo_Object-Detection/yolov5/train.py:412: FutureWarning: `torch.cuda.amp.autocast(args...)` is deprecated. Please use `torch.amp.autocast('cuda', args...)` instead.
  with torch.cuda.amp.autocast(amp):
       4/49      5.52G    0.05217    0.03372    0.02365         85        736:  80% 12/15 [00:08<00:03,  1.18s/it]/content/drive/MyDrive/Yolo_Object-Detection/yolov5/train.py:412: FutureWarning: `torch.cuda.amp.autocast(args...)` is deprecated. Please use `torch.amp.autocast('cuda', args...)` instead.
  with torch.cuda.amp.autocast(amp):
       4/49      5.52G    0.05253    0.03347     0.0245         66        736:  87% 13/15 [00:09<00:01,  1.03it/s]/content/drive/MyDrive/Yolo_Object-Detection/yolov5/train.py:412: FutureWarning: `torch.cuda.amp.autocast(args...)` is deprecated. Please use `torch.amp.autocast('cuda', args...)` instead.
  with torch.cuda.amp.autocast(amp):
       4/49      5.52G    0.05384    0.03381     0.0241         84        736:  93% 14/15 [00:11<00:01,  1.26s/it]/content/drive/MyDrive/Yolo_Object-Detection/yolov5/train.py:412: FutureWarning: `torch.cuda.amp.autocast(args...)` is deprecated. Please use `torch.amp.autocast('cuda', args...)` instead.
  with torch.cuda.amp.autocast(amp):
       4/49      5.52G    0.05246    0.03332    0.02356         57        736: 100% 15/15 [00:11<00:00,  1.30it/s]
                 Class     Images  Instances          P          R      mAP50   mAP50-95: 100% 2/2 [00:02<00:00,  1.49s/it]
                   all         59        112      0.239       0.36      0.265      0.088

      Epoch    GPU_mem   box_loss   obj_loss   cls_loss  Instances       Size
  0% 0/15 [00:00<?, ?it/s]/content/drive/MyDrive/Yolo_Object-Detection/yolov5/train.py:412: FutureWarning: `torch.cuda.amp.autocast(args...)` is deprecated. Please use `torch.amp.autocast('cuda', args...)` instead.
  with torch.cuda.amp.autocast(amp):
       5/49      5.52G    0.04963    0.03713    0.02032         79        736:   7% 1/15 [00:00<00:04,  2.88it/s]/content/drive/MyDrive/Yolo_Object-Detection/yolov5/train.py:412: FutureWarning: `torch.cuda.amp.autocast(args...)` is deprecated. Please use `torch.amp.autocast('cuda', args...)` instead.
  with torch.cuda.amp.autocast(amp):
       5/49      5.52G    0.04866     0.0345    0.02445         65        736:  13% 2/15 [00:00<00:03,  3.38it/s]/content/drive/MyDrive/Yolo_Object-Detection/yolov5/train.py:412: FutureWarning: `torch.cuda.amp.autocast(args...)` is deprecated. Please use `torch.amp.autocast('cuda', args...)` instead.
  with torch.cuda.amp.autocast(amp):
       5/49      5.52G    0.04774    0.03532    0.02274         75        736:  20% 3/15 [00:01<00:05,  2.37it/s]/content/drive/MyDrive/Yolo_Object-Detection/yolov5/train.py:412: FutureWarning: `torch.cuda.amp.autocast(args...)` is deprecated. Please use `torch.amp.autocast('cuda', args...)` instead.
  with torch.cuda.amp.autocast(amp):
       5/49      5.52G    0.04537    0.03325    0.02147         63        736:  27% 4/15 [00:01<00:04,  2.74it/s]/content/drive/MyDrive/Yolo_Object-Detection/yolov5/train.py:412: FutureWarning: `torch.cuda.amp.autocast(args...)` is deprecated. Please use `torch.amp.autocast('cuda', args...)` instead.
  with torch.cuda.amp.autocast(amp):
       5/49      5.52G    0.04637     0.0328    0.02063         75        736:  33% 5/15 [00:02<00:05,  1.74it/s]/content/drive/MyDrive/Yolo_Object-Detection/yolov5/train.py:412: FutureWarning: `torch.cuda.amp.autocast(args...)` is deprecated. Please use `torch.amp.autocast('cuda', args...)` instead.
  with torch.cuda.amp.autocast(amp):
       5/49      5.52G    0.05132    0.03178    0.02223         67        736:  40% 6/15 [00:02<00:04,  2.06it/s]/content/drive/MyDrive/Yolo_Object-Detection/yolov5/train.py:412: FutureWarning: `torch.cuda.amp.autocast(args...)` is deprecated. Please use `torch.amp.autocast('cuda', args...)` instead.
  with torch.cuda.amp.autocast(amp):
       5/49      5.52G    0.05225    0.03234    0.02349         85        736:  47% 7/15 [00:03<00:05,  1.36it/s]/content/drive/MyDrive/Yolo_Object-Detection/yolov5/train.py:412: FutureWarning: `torch.cuda.amp.autocast(args...)` is deprecated. Please use `torch.amp.autocast('cuda', args...)` instead.
  with torch.cuda.amp.autocast(amp):
       5/49      5.52G    0.05271    0.03255     0.0229         78        736:  53% 8/15 [00:04<00:04,  1.68it/s]/content/drive/MyDrive/Yolo_Object-Detection/yolov5/train.py:412: FutureWarning: `torch.cuda.amp.autocast(args...)` is deprecated. Please use `torch.amp.autocast('cuda', args...)` instead.
  with torch.cuda.amp.autocast(amp):
       5/49      5.52G    0.05173    0.03184    0.02198         67        736:  60% 9/15 [00:05<00:04,  1.25it/s]/content/drive/MyDrive/Yolo_Object-Detection/yolov5/train.py:412: FutureWarning: `torch.cuda.amp.autocast(args...)` is deprecated. Please use `torch.amp.autocast('cuda', args...)` instead.
  with torch.cuda.amp.autocast(amp):
       5/49      5.52G    0.05274    0.03153    0.02226         61        736:  67% 10/15 [00:05<00:03,  1.56it/s]/content/drive/MyDrive/Yolo_Object-Detection/yolov5/train.py:412: FutureWarning: `torch.cuda.amp.autocast(args...)` is deprecated. Please use `torch.amp.autocast('cuda', args...)` instead.
  with torch.cuda.amp.autocast(amp):
       5/49      5.52G    0.05253     0.0311    0.02305         60        736:  73% 11/15 [00:06<00:02,  1.34it/s]/content/drive/MyDrive/Yolo_Object-Detection/yolov5/train.py:412: FutureWarning: `torch.cuda.amp.autocast(args...)` is deprecated. Please use `torch.amp.autocast('cuda', args...)` instead.
  with torch.cuda.amp.autocast(amp):
       5/49      5.52G    0.05114    0.03057    0.02228         55        736:  80% 12/15 [00:07<00:01,  1.67it/s]/content/drive/MyDrive/Yolo_Object-Detection/yolov5/train.py:412: FutureWarning: `torch.cuda.amp.autocast(args...)` is deprecated. Please use `torch.amp.autocast('cuda', args...)` instead.
  with torch.cuda.amp.autocast(amp):
       5/49      5.52G    0.05214    0.03043    0.02189         63        736:  87% 13/15 [00:09<00:02,  1.03s/it]/content/drive/MyDrive/Yolo_Object-Detection/yolov5/train.py:412: FutureWarning: `torch.cuda.amp.autocast(args...)` is deprecated. Please use `torch.amp.autocast('cuda', args...)` instead.
  with torch.cuda.amp.autocast(amp):
       5/49      5.52G    0.05224    0.03037    0.02212         63        736:  93% 14/15 [00:09<00:00,  1.21it/s]/content/drive/MyDrive/Yolo_Object-Detection/yolov5/train.py:412: FutureWarning: `torch.cuda.amp.autocast(args...)` is deprecated. Please use `torch.amp.autocast('cuda', args...)` instead.
  with torch.cuda.amp.autocast(amp):
       5/49      5.52G    0.05084    0.03015    0.02158         62        736: 100% 15/15 [00:11<00:00,  1.31it/s]
                 Class     Images  Instances          P          R      mAP50   mAP50-95: 100% 2/2 [00:02<00:00,  1.29s/it]
                   all         59        112      0.268      0.594      0.358      0.176

      Epoch    GPU_mem   box_loss   obj_loss   cls_loss  Instances       Size
  0% 0/15 [00:00<?, ?it/s]/content/drive/MyDrive/Yolo_Object-Detection/yolov5/train.py:412: FutureWarning: `torch.cuda.amp.autocast(args...)` is deprecated. Please use `torch.amp.autocast('cuda', args...)` instead.
  with torch.cuda.amp.autocast(amp):
       6/49      5.52G    0.07347    0.03345    0.01744         77        736:   7% 1/15 [00:00<00:05,  2.52it/s]/content/drive/MyDrive/Yolo_Object-Detection/yolov5/train.py:412: FutureWarning: `torch.cuda.amp.autocast(args...)` is deprecated. Please use `torch.amp.autocast('cuda', args...)` instead.
  with torch.cuda.amp.autocast(amp):
       6/49      5.52G    0.06619    0.03152    0.01803         70        736:  13% 2/15 [00:00<00:05,  2.46it/s]/content/drive/MyDrive/Yolo_Object-Detection/yolov5/train.py:412: FutureWarning: `torch.cuda.amp.autocast(args...)` is deprecated. Please use `torch.amp.autocast('cuda', args...)` instead.
  with torch.cuda.amp.autocast(amp):
       6/49      5.52G    0.06198    0.03054    0.01688         71        736:  20% 3/15 [00:01<00:04,  2.91it/s]/content/drive/MyDrive/Yolo_Object-Detection/yolov5/train.py:412: FutureWarning: `torch.cuda.amp.autocast(args...)` is deprecated. Please use `torch.amp.autocast('cuda', args...)` instead.
  with torch.cuda.amp.autocast(amp):
       6/49      5.52G    0.06505    0.03066    0.01851         74        736:  27% 4/15 [00:01<00:04,  2.70it/s]/content/drive/MyDrive/Yolo_Object-Detection/yolov5/train.py:412: FutureWarning: `torch.cuda.amp.autocast(args...)` is deprecated. Please use `torch.amp.autocast('cuda', args...)` instead.
  with torch.cuda.amp.autocast(amp):
       6/49      5.52G    0.06436    0.03205    0.02269         95        736:  33% 5/15 [00:02<00:05,  1.91it/s]/content/drive/MyDrive/Yolo_Object-Detection/yolov5/train.py:412: FutureWarning: `torch.cuda.amp.autocast(args...)` is deprecated. Please use `torch.amp.autocast('cuda', args...)` instead.
  with torch.cuda.amp.autocast(amp):
       6/49      5.52G    0.06556    0.03311    0.02252         94        736:  40% 6/15 [00:02<00:04,  2.03it/s]/content/drive/MyDrive/Yolo_Object-Detection/yolov5/train.py:412: FutureWarning: `torch.cuda.amp.autocast(args...)` is deprecated. Please use `torch.amp.autocast('cuda', args...)` instead.
  with torch.cuda.amp.autocast(amp):
       6/49      5.52G    0.06572    0.03355    0.02225         81        736:  47% 7/15 [00:04<00:06,  1.30it/s]/content/drive/MyDrive/Yolo_Object-Detection/yolov5/train.py:412: FutureWarning: `torch.cuda.amp.autocast(args...)` is deprecated. Please use `torch.amp.autocast('cuda', args...)` instead.
  with torch.cuda.amp.autocast(amp):
       6/49      5.52G    0.06504    0.03377     0.0226         82        736:  53% 8/15 [00:04<00:04,  1.63it/s]/content/drive/MyDrive/Yolo_Object-Detection/yolov5/train.py:412: FutureWarning: `torch.cuda.amp.autocast(args...)` is deprecated. Please use `torch.amp.autocast('cuda', args...)` instead.
  with torch.cuda.amp.autocast(amp):
       6/49      5.52G    0.06197     0.0329    0.02144         64        736:  60% 9/15 [00:05<00:04,  1.33it/s]/content/drive/MyDrive/Yolo_Object-Detection/yolov5/train.py:412: FutureWarning: `torch.cuda.amp.autocast(args...)` is deprecated. Please use `torch.amp.autocast('cuda', args...)` instead.
  with torch.cuda.amp.autocast(amp):
       6/49      5.52G    0.06175    0.03257    0.02289         75        736:  67% 10/15 [00:05<00:03,  1.56it/s]/content/drive/MyDrive/Yolo_Object-Detection/yolov5/train.py:412: FutureWarning: `torch.cuda.amp.autocast(args...)` is deprecated. Please use `torch.amp.autocast('cuda', args...)` instead.
  with torch.cuda.amp.autocast(amp):
       6/49      5.52G    0.06105    0.03199    0.02235         58        736:  73% 11/15 [00:06<00:03,  1.29it/s]/content/drive/MyDrive/Yolo_Object-Detection/yolov5/train.py:412: FutureWarning: `torch.cuda.amp.autocast(args...)` is deprecated. Please use `torch.amp.autocast('cuda', args...)` instead.
  with torch.cuda.amp.autocast(amp):
       6/49      5.52G    0.06095    0.03157    0.02164         69        736:  80% 12/15 [00:07<00:02,  1.30it/s]/content/drive/MyDrive/Yolo_Object-Detection/yolov5/train.py:412: FutureWarning: `torch.cuda.amp.autocast(args...)` is deprecated. Please use `torch.amp.autocast('cuda', args...)` instead.
  with torch.cuda.amp.autocast(amp):
       6/49      5.52G    0.06171    0.03224    0.02137        102        736:  87% 13/15 [00:08<00:01,  1.29it/s]/content/drive/MyDrive/Yolo_Object-Detection/yolov5/train.py:412: FutureWarning: `torch.cuda.amp.autocast(args...)` is deprecated. Please use `torch.amp.autocast('cuda', args...)` instead.
  with torch.cuda.amp.autocast(amp):
       6/49      5.52G    0.06012    0.03153    0.02057         58        736:  93% 14/15 [00:09<00:00,  1.32it/s]/content/drive/MyDrive/Yolo_Object-Detection/yolov5/train.py:412: FutureWarning: `torch.cuda.amp.autocast(args...)` is deprecated. Please use `torch.amp.autocast('cuda', args...)` instead.
  with torch.cuda.amp.autocast(amp):
       6/49      5.52G    0.06063    0.03159    0.01997         76        736: 100% 15/15 [00:09<00:00,  1.54it/s]
                 Class     Images  Instances          P          R      mAP50   mAP50-95: 100% 2/2 [00:01<00:00,  1.07it/s]
                   all         59        112      0.333      0.614      0.443      0.207

      Epoch    GPU_mem   box_loss   obj_loss   cls_loss  Instances       Size
  0% 0/15 [00:00<?, ?it/s]/content/drive/MyDrive/Yolo_Object-Detection/yolov5/train.py:412: FutureWarning: `torch.cuda.amp.autocast(args...)` is deprecated. Please use `torch.amp.autocast('cuda', args...)` instead.
  with torch.cuda.amp.autocast(amp):
       7/49      5.52G     0.0837    0.02356    0.02698         57        736:   7% 1/15 [00:00<00:05,  2.74it/s]/content/drive/MyDrive/Yolo_Object-Detection/yolov5/train.py:412: FutureWarning: `torch.cuda.amp.autocast(args...)` is deprecated. Please use `torch.amp.autocast('cuda', args...)` instead.
  with torch.cuda.amp.autocast(amp):
       7/49      5.52G    0.07607    0.02991    0.02066         92        736:  13% 2/15 [00:00<00:04,  3.23it/s]/content/drive/MyDrive/Yolo_Object-Detection/yolov5/train.py:412: FutureWarning: `torch.cuda.amp.autocast(args...)` is deprecated. Please use `torch.amp.autocast('cuda', args...)` instead.
  with torch.cuda.amp.autocast(amp):
       7/49      5.52G    0.07393    0.03291    0.01929         96        736:  20% 3/15 [00:01<00:04,  2.89it/s]/content/drive/MyDrive/Yolo_Object-Detection/yolov5/train.py:412: FutureWarning: `torch.cuda.amp.autocast(args...)` is deprecated. Please use `torch.amp.autocast('cuda', args...)` instead.
  with torch.cuda.amp.autocast(amp):
       7/49      5.52G    0.06504    0.03177    0.01691         66        736:  27% 4/15 [00:02<00:09,  1.14it/s]/content/drive/MyDrive/Yolo_Object-Detection/yolov5/train.py:412: FutureWarning: `torch.cuda.amp.autocast(args...)` is deprecated. Please use `torch.amp.autocast('cuda', args...)` instead.
  with torch.cuda.amp.autocast(amp):
       7/49      5.52G    0.06233    0.03017     0.0182         61        736:  33% 5/15 [00:03<00:07,  1.29it/s]/content/drive/MyDrive/Yolo_Object-Detection/yolov5/train.py:412: FutureWarning: `torch.cuda.amp.autocast(args...)` is deprecated. Please use `torch.amp.autocast('cuda', args...)` instead.
  with torch.cuda.amp.autocast(amp):
       7/49      5.52G    0.06096    0.02875    0.01928         51        736:  40% 6/15 [00:05<00:09,  1.10s/it]/content/drive/MyDrive/Yolo_Object-Detection/yolov5/train.py:412: FutureWarning: `torch.cuda.amp.autocast(args...)` is deprecated. Please use `torch.amp.autocast('cuda', args...)` instead.
  with torch.cuda.amp.autocast(amp):
       7/49      5.52G    0.05722    0.02945    0.01827         82        736:  47% 7/15 [00:05<00:07,  1.01it/s]/content/drive/MyDrive/Yolo_Object-Detection/yolov5/train.py:412: FutureWarning: `torch.cuda.amp.autocast(args...)` is deprecated. Please use `torch.amp.autocast('cuda', args...)` instead.
  with torch.cuda.amp.autocast(amp):
       7/49      5.52G    0.05399    0.02967    0.01709         69        736:  53% 8/15 [00:06<00:06,  1.03it/s]/content/drive/MyDrive/Yolo_Object-Detection/yolov5/train.py:412: FutureWarning: `torch.cuda.amp.autocast(args...)` is deprecated. Please use `torch.amp.autocast('cuda', args...)` instead.
  with torch.cuda.amp.autocast(amp):
       7/49      5.52G    0.05433    0.02908    0.01664         52        736:  60% 9/15 [00:07<00:05,  1.09it/s]/content/drive/MyDrive/Yolo_Object-Detection/yolov5/train.py:412: FutureWarning: `torch.cuda.amp.autocast(args...)` is deprecated. Please use `torch.amp.autocast('cuda', args...)` instead.
  with torch.cuda.amp.autocast(amp):
       7/49      5.52G    0.05564    0.02919    0.01663         72        736:  67% 10/15 [00:08<00:04,  1.08it/s]/content/drive/MyDrive/Yolo_Object-Detection/yolov5/train.py:412: FutureWarning: `torch.cuda.amp.autocast(args...)` is deprecated. Please use `torch.amp.autocast('cuda', args...)` instead.
  with torch.cuda.amp.autocast(amp):
       7/49      5.52G      0.056    0.02897    0.01681         65        736:  73% 11/15 [00:09<00:03,  1.20it/s]/content/drive/MyDrive/Yolo_Object-Detection/yolov5/train.py:412: FutureWarning: `torch.cuda.amp.autocast(args...)` is deprecated. Please use `torch.amp.autocast('cuda', args...)` instead.
  with torch.cuda.amp.autocast(amp):
       7/49      5.52G    0.05645    0.02988    0.01714         84        736:  80% 12/15 [00:09<00:02,  1.28it/s]/content/drive/MyDrive/Yolo_Object-Detection/yolov5/train.py:412: FutureWarning: `torch.cuda.amp.autocast(args...)` is deprecated. Please use `torch.amp.autocast('cuda', args...)` instead.
  with torch.cuda.amp.autocast(amp):
       7/49      5.52G    0.05462    0.02995    0.01669         72        736:  87% 13/15 [00:10<00:01,  1.12it/s]/content/drive/MyDrive/Yolo_Object-Detection/yolov5/train.py:412: FutureWarning: `torch.cuda.amp.autocast(args...)` is deprecated. Please use `torch.amp.autocast('cuda', args...)` instead.
  with torch.cuda.amp.autocast(amp):
       7/49      5.52G    0.05499    0.03051    0.01619         86        736:  93% 14/15 [00:11<00:00,  1.41it/s]/content/drive/MyDrive/Yolo_Object-Detection/yolov5/train.py:412: FutureWarning: `torch.cuda.amp.autocast(args...)` is deprecated. Please use `torch.amp.autocast('cuda', args...)` instead.
  with torch.cuda.amp.autocast(amp):
       7/49      5.52G    0.05426    0.03068    0.01643         76        736: 100% 15/15 [00:12<00:00,  1.20it/s]
                 Class     Images  Instances          P          R      mAP50   mAP50-95: 100% 2/2 [00:01<00:00,  1.25it/s]
                   all         59        112      0.501      0.568      0.539      0.281

      Epoch    GPU_mem   box_loss   obj_loss   cls_loss  Instances       Size
  0% 0/15 [00:00<?, ?it/s]/content/drive/MyDrive/Yolo_Object-Detection/yolov5/train.py:412: FutureWarning: `torch.cuda.amp.autocast(args...)` is deprecated. Please use `torch.amp.autocast('cuda', args...)` instead.
  with torch.cuda.amp.autocast(amp):
       8/49      5.52G    0.05655    0.03441    0.01036         80        736:   7% 1/15 [00:00<00:04,  2.82it/s]/content/drive/MyDrive/Yolo_Object-Detection/yolov5/train.py:412: FutureWarning: `torch.cuda.amp.autocast(args...)` is deprecated. Please use `torch.amp.autocast('cuda', args...)` instead.
  with torch.cuda.amp.autocast(amp):
       8/49      5.52G    0.05454    0.02979    0.01307         56        736:  13% 2/15 [00:00<00:04,  2.93it/s]/content/drive/MyDrive/Yolo_Object-Detection/yolov5/train.py:412: FutureWarning: `torch.cuda.amp.autocast(args...)` is deprecated. Please use `torch.amp.autocast('cuda', args...)` instead.
  with torch.cuda.amp.autocast(amp):
       8/49      5.52G    0.04719     0.0308    0.01181         81        736:  20% 3/15 [00:00<00:03,  3.22it/s]/content/drive/MyDrive/Yolo_Object-Detection/yolov5/train.py:412: FutureWarning: `torch.cuda.amp.autocast(args...)` is deprecated. Please use `torch.amp.autocast('cuda', args...)` instead.
  with torch.cuda.amp.autocast(amp):
       8/49      5.52G     0.0469    0.02908    0.01156         55        736:  27% 4/15 [00:01<00:03,  2.94it/s]/content/drive/MyDrive/Yolo_Object-Detection/yolov5/train.py:412: FutureWarning: `torch.cuda.amp.autocast(args...)` is deprecated. Please use `torch.amp.autocast('cuda', args...)` instead.
  with torch.cuda.amp.autocast(amp):
       8/49      5.52G    0.04948     0.0286    0.01126         62        736:  33% 5/15 [00:03<00:08,  1.19it/s]/content/drive/MyDrive/Yolo_Object-Detection/yolov5/train.py:412: FutureWarning: `torch.cuda.amp.autocast(args...)` is deprecated. Please use `torch.amp.autocast('cuda', args...)` instead.
  with torch.cuda.amp.autocast(amp):
       8/49      5.52G    0.04765    0.02759    0.01172         55        736:  40% 6/15 [00:03<00:05,  1.52it/s]/content/drive/MyDrive/Yolo_Object-Detection/yolov5/train.py:412: FutureWarning: `torch.cuda.amp.autocast(args...)` is deprecated. Please use `torch.amp.autocast('cuda', args...)` instead.
  with torch.cuda.amp.autocast(amp):
       8/49      5.52G    0.05074    0.02714    0.01259         64        736:  47% 7/15 [00:05<00:10,  1.29s/it]/content/drive/MyDrive/Yolo_Object-Detection/yolov5/train.py:412: FutureWarning: `torch.cuda.amp.autocast(args...)` is deprecated. Please use `torch.amp.autocast('cuda', args...)` instead.
  with torch.cuda.amp.autocast(amp):
       8/49      5.52G    0.04935    0.02774    0.01212         88        736:  53% 8/15 [00:06<00:07,  1.01s/it]/content/drive/MyDrive/Yolo_Object-Detection/yolov5/train.py:412: FutureWarning: `torch.cuda.amp.autocast(args...)` is deprecated. Please use `torch.amp.autocast('cuda', args...)` instead.
  with torch.cuda.amp.autocast(amp):
       8/49      5.52G       0.05     0.0285    0.01202         85        736:  60% 9/15 [00:08<00:08,  1.47s/it]/content/drive/MyDrive/Yolo_Object-Detection/yolov5/train.py:412: FutureWarning: `torch.cuda.amp.autocast(args...)` is deprecated. Please use `torch.amp.autocast('cuda', args...)` instead.
  with torch.cuda.amp.autocast(amp):
       8/49      5.52G    0.05084    0.02792     0.0122         59        736:  67% 10/15 [00:09<00:05,  1.12s/it]/content/drive/MyDrive/Yolo_Object-Detection/yolov5/train.py:412: FutureWarning: `torch.cuda.amp.autocast(args...)` is deprecated. Please use `torch.amp.autocast('cuda', args...)` instead.
  with torch.cuda.amp.autocast(amp):
       8/49      5.52G    0.05155    0.02754     0.0126         65        736:  73% 11/15 [00:10<00:04,  1.17s/it]/content/drive/MyDrive/Yolo_Object-Detection/yolov5/train.py:412: FutureWarning: `torch.cuda.amp.autocast(args...)` is deprecated. Please use `torch.amp.autocast('cuda', args...)` instead.
  with torch.cuda.amp.autocast(amp):
       8/49      5.52G    0.05277    0.02783    0.01329         76        736:  80% 12/15 [00:10<00:02,  1.10it/s]/content/drive/MyDrive/Yolo_Object-Detection/yolov5/train.py:412: FutureWarning: `torch.cuda.amp.autocast(args...)` is deprecated. Please use `torch.amp.autocast('cuda', args...)` instead.
  with torch.cuda.amp.autocast(amp):
       8/49      5.52G    0.05273    0.02818    0.01291         75        736:  87% 13/15 [00:11<00:01,  1.01it/s]/content/drive/MyDrive/Yolo_Object-Detection/yolov5/train.py:412: FutureWarning: `torch.cuda.amp.autocast(args...)` is deprecated. Please use `torch.amp.autocast('cuda', args...)` instead.
  with torch.cuda.amp.autocast(amp):
       8/49      5.52G    0.05314    0.02838    0.01273         70        736:  93% 14/15 [00:12<00:00,  1.27it/s]/content/drive/MyDrive/Yolo_Object-Detection/yolov5/train.py:412: FutureWarning: `torch.cuda.amp.autocast(args...)` is deprecated. Please use `torch.amp.autocast('cuda', args...)` instead.
  with torch.cuda.amp.autocast(amp):
       8/49      5.52G    0.05188    0.02876    0.01251         80        736: 100% 15/15 [00:13<00:00,  1.11it/s]
                 Class     Images  Instances          P          R      mAP50   mAP50-95: 100% 2/2 [00:01<00:00,  1.27it/s]
                   all         59        112      0.434      0.612      0.491      0.255

      Epoch    GPU_mem   box_loss   obj_loss   cls_loss  Instances       Size
  0% 0/15 [00:00<?, ?it/s]/content/drive/MyDrive/Yolo_Object-Detection/yolov5/train.py:412: FutureWarning: `torch.cuda.amp.autocast(args...)` is deprecated. Please use `torch.amp.autocast('cuda', args...)` instead.
  with torch.cuda.amp.autocast(amp):
       9/49      5.52G    0.05563    0.02955    0.01054         67        736:   7% 1/15 [00:00<00:04,  2.84it/s]/content/drive/MyDrive/Yolo_Object-Detection/yolov5/train.py:412: FutureWarning: `torch.cuda.amp.autocast(args...)` is deprecated. Please use `torch.amp.autocast('cuda', args...)` instead.
  with torch.cuda.amp.autocast(amp):
       9/49      5.52G    0.04335     0.0248   0.008634         47        736:  13% 2/15 [00:00<00:04,  3.23it/s]/content/drive/MyDrive/Yolo_Object-Detection/yolov5/train.py:412: FutureWarning: `torch.cuda.amp.autocast(args...)` is deprecated. Please use `torch.amp.autocast('cuda', args...)` instead.
  with torch.cuda.amp.autocast(amp):
       9/49      5.52G    0.04568    0.02933   0.008565         86        736:  20% 3/15 [00:00<00:03,  3.24it/s]/content/drive/MyDrive/Yolo_Object-Detection/yolov5/train.py:412: FutureWarning: `torch.cuda.amp.autocast(args...)` is deprecated. Please use `torch.amp.autocast('cuda', args...)` instead.
  with torch.cuda.amp.autocast(amp):
       9/49      5.52G    0.04909    0.03068   0.009462         77        736:  27% 4/15 [00:01<00:05,  2.17it/s]/content/drive/MyDrive/Yolo_Object-Detection/yolov5/train.py:412: FutureWarning: `torch.cuda.amp.autocast(args...)` is deprecated. Please use `torch.amp.autocast('cuda', args...)` instead.
  with torch.cuda.amp.autocast(amp):
       9/49      5.52G    0.05185    0.03109    0.01023         81        736:  33% 5/15 [00:02<00:04,  2.34it/s]/content/drive/MyDrive/Yolo_Object-Detection/yolov5/train.py:412: FutureWarning: `torch.cuda.amp.autocast(args...)` is deprecated. Please use `torch.amp.autocast('cuda', args...)` instead.
  with torch.cuda.amp.autocast(amp):
       9/49      5.52G    0.05427    0.03102   0.009838         86        736:  40% 6/15 [00:02<00:05,  1.67it/s]/content/drive/MyDrive/Yolo_Object-Detection/yolov5/train.py:412: FutureWarning: `torch.cuda.amp.autocast(args...)` is deprecated. Please use `torch.amp.autocast('cuda', args...)` instead.
  with torch.cuda.amp.autocast(amp):
       9/49      5.52G    0.05487    0.03228   0.009779         96        736:  47% 7/15 [00:03<00:05,  1.48it/s]/content/drive/MyDrive/Yolo_Object-Detection/yolov5/train.py:412: FutureWarning: `torch.cuda.amp.autocast(args...)` is deprecated. Please use `torch.amp.autocast('cuda', args...)` instead.
  with torch.cuda.amp.autocast(amp):
       9/49      5.52G    0.05592    0.03263   0.009569         91        736:  53% 8/15 [00:05<00:06,  1.11it/s]/content/drive/MyDrive/Yolo_Object-Detection/yolov5/train.py:412: FutureWarning: `torch.cuda.amp.autocast(args...)` is deprecated. Please use `torch.amp.autocast('cuda', args...)` instead.
  with torch.cuda.amp.autocast(amp):
       9/49      5.52G    0.05514    0.03176    0.01052         63        736:  60% 9/15 [00:06<00:05,  1.09it/s]/content/drive/MyDrive/Yolo_Object-Detection/yolov5/train.py:412: FutureWarning: `torch.cuda.amp.autocast(args...)` is deprecated. Please use `torch.amp.autocast('cuda', args...)` instead.
  with torch.cuda.amp.autocast(amp):
       9/49      5.52G    0.05611    0.03143    0.01206         71        736:  67% 10/15 [00:07<00:05,  1.14s/it]/content/drive/MyDrive/Yolo_Object-Detection/yolov5/train.py:412: FutureWarning: `torch.cuda.amp.autocast(args...)` is deprecated. Please use `torch.amp.autocast('cuda', args...)` instead.
  with torch.cuda.amp.autocast(amp):
       9/49      5.52G    0.05613    0.03156    0.01189         86        736:  73% 11/15 [00:08<00:03,  1.09it/s]/content/drive/MyDrive/Yolo_Object-Detection/yolov5/train.py:412: FutureWarning: `torch.cuda.amp.autocast(args...)` is deprecated. Please use `torch.amp.autocast('cuda', args...)` instead.
  with torch.cuda.amp.autocast(amp):
       9/49      5.52G    0.05547    0.03118    0.01209         64        736:  80% 12/15 [00:10<00:03,  1.28s/it]/content/drive/MyDrive/Yolo_Object-Detection/yolov5/train.py:412: FutureWarning: `torch.cuda.amp.autocast(args...)` is deprecated. Please use `torch.amp.autocast('cuda', args...)` instead.
  with torch.cuda.amp.autocast(amp):
       9/49      5.52G    0.05634    0.03097    0.01198         69        736:  87% 13/15 [00:12<00:02,  1.47s/it]/content/drive/MyDrive/Yolo_Object-Detection/yolov5/train.py:412: FutureWarning: `torch.cuda.amp.autocast(args...)` is deprecated. Please use `torch.amp.autocast('cuda', args...)` instead.
  with torch.cuda.amp.autocast(amp):
       9/49      5.52G    0.05629    0.03137    0.01276         88        736:  93% 14/15 [00:12<00:01,  1.21s/it]/content/drive/MyDrive/Yolo_Object-Detection/yolov5/train.py:412: FutureWarning: `torch.cuda.amp.autocast(args...)` is deprecated. Please use `torch.amp.autocast('cuda', args...)` instead.
  with torch.cuda.amp.autocast(amp):
       9/49      5.52G    0.05649    0.03155     0.0134         80        736: 100% 15/15 [00:13<00:00,  1.10it/s]
                 Class     Images  Instances          P          R      mAP50   mAP50-95: 100% 2/2 [00:01<00:00,  1.51it/s]
                   all         59        112      0.624      0.521      0.558      0.293

      Epoch    GPU_mem   box_loss   obj_loss   cls_loss  Instances       Size
  0% 0/15 [00:00<?, ?it/s]/content/drive/MyDrive/Yolo_Object-Detection/yolov5/train.py:412: FutureWarning: `torch.cuda.amp.autocast(args...)` is deprecated. Please use `torch.amp.autocast('cuda', args...)` instead.
  with torch.cuda.amp.autocast(amp):
      10/49      5.52G    0.03174    0.02918   0.009069         65        736:   7% 1/15 [00:00<00:04,  2.97it/s]/content/drive/MyDrive/Yolo_Object-Detection/yolov5/train.py:412: FutureWarning: `torch.cuda.amp.autocast(args...)` is deprecated. Please use `torch.amp.autocast('cuda', args...)` instead.
  with torch.cuda.amp.autocast(amp):
      10/49      5.52G    0.04652    0.02945    0.01929         78        736:  13% 2/15 [00:00<00:04,  2.98it/s]/content/drive/MyDrive/Yolo_Object-Detection/yolov5/train.py:412: FutureWarning: `torch.cuda.amp.autocast(args...)` is deprecated. Please use `torch.amp.autocast('cuda', args...)` instead.
  with torch.cuda.amp.autocast(amp):
      10/49      5.52G    0.04748    0.02845     0.0165         63        736:  20% 3/15 [00:00<00:03,  3.28it/s]/content/drive/MyDrive/Yolo_Object-Detection/yolov5/train.py:412: FutureWarning: `torch.cuda.amp.autocast(args...)` is deprecated. Please use `torch.amp.autocast('cuda', args...)` instead.
  with torch.cuda.amp.autocast(amp):
      10/49      5.52G    0.04293    0.02966      0.015         75        736:  27% 4/15 [00:01<00:03,  3.48it/s]/content/drive/MyDrive/Yolo_Object-Detection/yolov5/train.py:412: FutureWarning: `torch.cuda.amp.autocast(args...)` is deprecated. Please use `torch.amp.autocast('cuda', args...)` instead.
  with torch.cuda.amp.autocast(amp):
      10/49      5.52G    0.04748    0.02985    0.01413         69        736:  33% 5/15 [00:02<00:07,  1.36it/s]/content/drive/MyDrive/Yolo_Object-Detection/yolov5/train.py:412: FutureWarning: `torch.cuda.amp.autocast(args...)` is deprecated. Please use `torch.amp.autocast('cuda', args...)` instead.
  with torch.cuda.amp.autocast(amp):
      10/49      5.52G    0.04831     0.0303     0.0162         79        736:  40% 6/15 [00:03<00:05,  1.66it/s]/content/drive/MyDrive/Yolo_Object-Detection/yolov5/train.py:412: FutureWarning: `torch.cuda.amp.autocast(args...)` is deprecated. Please use `torch.amp.autocast('cuda', args...)` instead.
  with torch.cuda.amp.autocast(amp):
      10/49      5.52G    0.04905    0.02953    0.01725         58        736:  47% 7/15 [00:04<00:06,  1.32it/s]/content/drive/MyDrive/Yolo_Object-Detection/yolov5/train.py:412: FutureWarning: `torch.cuda.amp.autocast(args...)` is deprecated. Please use `torch.amp.autocast('cuda', args...)` instead.
  with torch.cuda.amp.autocast(amp):
      10/49      5.52G    0.04976    0.02965    0.01676         77        736:  53% 8/15 [00:04<00:04,  1.62it/s]/content/drive/MyDrive/Yolo_Object-Detection/yolov5/train.py:412: FutureWarning: `torch.cuda.amp.autocast(args...)` is deprecated. Please use `torch.amp.autocast('cuda', args...)` instead.
  with torch.cuda.amp.autocast(amp):
      10/49      5.52G      0.048    0.02945    0.01617         65        736:  60% 9/15 [00:05<00:04,  1.31it/s]/content/drive/MyDrive/Yolo_Object-Detection/yolov5/train.py:412: FutureWarning: `torch.cuda.amp.autocast(args...)` is deprecated. Please use `torch.amp.autocast('cuda', args...)` instead.
  with torch.cuda.amp.autocast(amp):
      10/49      5.52G    0.04949    0.03011    0.01567         87        736:  67% 10/15 [00:05<00:03,  1.54it/s]/content/drive/MyDrive/Yolo_Object-Detection/yolov5/train.py:412: FutureWarning: `torch.cuda.amp.autocast(args...)` is deprecated. Please use `torch.amp.autocast('cuda', args...)` instead.
  with torch.cuda.amp.autocast(amp):
      10/49      5.52G    0.04927    0.02984    0.01657         65        736:  73% 11/15 [00:09<00:05,  1.39s/it]/content/drive/MyDrive/Yolo_Object-Detection/yolov5/train.py:412: FutureWarning: `torch.cuda.amp.autocast(args...)` is deprecated. Please use `torch.amp.autocast('cuda', args...)` instead.
  with torch.cuda.amp.autocast(amp):
      10/49      5.52G    0.04931    0.02957    0.01637         68        736:  80% 12/15 [00:09<00:03,  1.07s/it]/content/drive/MyDrive/Yolo_Object-Detection/yolov5/train.py:412: FutureWarning: `torch.cuda.amp.autocast(args...)` is deprecated. Please use `torch.amp.autocast('cuda', args...)` instead.
  with torch.cuda.amp.autocast(amp):
      10/49      5.52G     0.0494    0.02973    0.01615         71        736:  87% 13/15 [00:11<00:02,  1.48s/it]/content/drive/MyDrive/Yolo_Object-Detection/yolov5/train.py:412: FutureWarning: `torch.cuda.amp.autocast(args...)` is deprecated. Please use `torch.amp.autocast('cuda', args...)` instead.
  with torch.cuda.amp.autocast(amp):
      10/49      5.52G    0.04947     0.0301    0.01592         82        736:  93% 14/15 [00:12<00:01,  1.17s/it]/content/drive/MyDrive/Yolo_Object-Detection/yolov5/train.py:412: FutureWarning: `torch.cuda.amp.autocast(args...)` is deprecated. Please use `torch.amp.autocast('cuda', args...)` instead.
  with torch.cuda.amp.autocast(amp):
      10/49      5.52G     0.0498    0.03029    0.01634         74        736: 100% 15/15 [00:14<00:00,  1.03it/s]
                 Class     Images  Instances          P          R      mAP50   mAP50-95: 100% 2/2 [00:01<00:00,  1.49it/s]
                   all         59        112      0.414       0.67      0.484      0.243

      Epoch    GPU_mem   box_loss   obj_loss   cls_loss  Instances       Size
  0% 0/15 [00:00<?, ?it/s]/content/drive/MyDrive/Yolo_Object-Detection/yolov5/train.py:412: FutureWarning: `torch.cuda.amp.autocast(args...)` is deprecated. Please use `torch.amp.autocast('cuda', args...)` instead.
  with torch.cuda.amp.autocast(amp):
      11/49      5.52G    0.04458    0.03758    0.00623         90        736:   7% 1/15 [00:00<00:04,  3.32it/s]/content/drive/MyDrive/Yolo_Object-Detection/yolov5/train.py:412: FutureWarning: `torch.cuda.amp.autocast(args...)` is deprecated. Please use `torch.amp.autocast('cuda', args...)` instead.
  with torch.cuda.amp.autocast(amp):
      11/49      5.52G     0.0367    0.03467   0.007041         74        736:  13% 2/15 [00:00<00:03,  3.58it/s]/content/drive/MyDrive/Yolo_Object-Detection/yolov5/train.py:412: FutureWarning: `torch.cuda.amp.autocast(args...)` is deprecated. Please use `torch.amp.autocast('cuda', args...)` instead.
  with torch.cuda.amp.autocast(amp):
      11/49      5.52G    0.03981    0.03102   0.007729         63        736:  20% 3/15 [00:00<00:03,  3.19it/s]/content/drive/MyDrive/Yolo_Object-Detection/yolov5/train.py:412: FutureWarning: `torch.cuda.amp.autocast(args...)` is deprecated. Please use `torch.amp.autocast('cuda', args...)` instead.
  with torch.cuda.amp.autocast(amp):
      11/49      5.52G    0.04304    0.03061   0.009758         74        736:  27% 4/15 [00:01<00:04,  2.23it/s]/content/drive/MyDrive/Yolo_Object-Detection/yolov5/train.py:412: FutureWarning: `torch.cuda.amp.autocast(args...)` is deprecated. Please use `torch.amp.autocast('cuda', args...)` instead.
  with torch.cuda.amp.autocast(amp):
      11/49      5.52G    0.04696    0.02928    0.01004         62        736:  33% 5/15 [00:02<00:05,  1.89it/s]/content/drive/MyDrive/Yolo_Object-Detection/yolov5/train.py:412: FutureWarning: `torch.cuda.amp.autocast(args...)` is deprecated. Please use `torch.amp.autocast('cuda', args...)` instead.
  with torch.cuda.amp.autocast(amp):
      11/49      5.52G    0.04494    0.02819    0.01028         60        736:  40% 6/15 [00:02<00:05,  1.76it/s]/content/drive/MyDrive/Yolo_Object-Detection/yolov5/train.py:412: FutureWarning: `torch.cuda.amp.autocast(args...)` is deprecated. Please use `torch.amp.autocast('cuda', args...)` instead.
  with torch.cuda.amp.autocast(amp):
      11/49      5.52G    0.04746    0.02725    0.01014         60        736:  47% 7/15 [00:03<00:05,  1.37it/s]/content/drive/MyDrive/Yolo_Object-Detection/yolov5/train.py:412: FutureWarning: `torch.cuda.amp.autocast(args...)` is deprecated. Please use `torch.amp.autocast('cuda', args...)` instead.
  with torch.cuda.amp.autocast(amp):
      11/49      5.52G    0.04881    0.02746    0.01029         73        736:  53% 8/15 [00:04<00:04,  1.70it/s]/content/drive/MyDrive/Yolo_Object-Detection/yolov5/train.py:412: FutureWarning: `torch.cuda.amp.autocast(args...)` is deprecated. Please use `torch.amp.autocast('cuda', args...)` instead.
  with torch.cuda.amp.autocast(amp):
      11/49      5.52G    0.04879    0.02744    0.01018         71        736:  60% 9/15 [00:05<00:04,  1.49it/s]/content/drive/MyDrive/Yolo_Object-Detection/yolov5/train.py:412: FutureWarning: `torch.cuda.amp.autocast(args...)` is deprecated. Please use `torch.amp.autocast('cuda', args...)` instead.
  with torch.cuda.amp.autocast(amp):
      11/49      5.52G    0.04985    0.02797    0.01016         86        736:  67% 10/15 [00:05<00:03,  1.45it/s]/content/drive/MyDrive/Yolo_Object-Detection/yolov5/train.py:412: FutureWarning: `torch.cuda.amp.autocast(args...)` is deprecated. Please use `torch.amp.autocast('cuda', args...)` instead.
  with torch.cuda.amp.autocast(amp):
      11/49      5.52G    0.05045    0.02795    0.01002         72        736:  73% 11/15 [00:06<00:02,  1.50it/s]/content/drive/MyDrive/Yolo_Object-Detection/yolov5/train.py:412: FutureWarning: `torch.cuda.amp.autocast(args...)` is deprecated. Please use `torch.amp.autocast('cuda', args...)` instead.
  with torch.cuda.amp.autocast(amp):
      11/49      5.52G    0.05072    0.02758   0.009968         57        736:  80% 12/15 [00:07<00:02,  1.39it/s]/content/drive/MyDrive/Yolo_Object-Detection/yolov5/train.py:412: FutureWarning: `torch.cuda.amp.autocast(args...)` is deprecated. Please use `torch.amp.autocast('cuda', args...)` instead.
  with torch.cuda.amp.autocast(amp):
      11/49      5.52G    0.04923    0.02759    0.01017         70        736:  87% 13/15 [00:08<00:01,  1.19it/s]/content/drive/MyDrive/Yolo_Object-Detection/yolov5/train.py:412: FutureWarning: `torch.cuda.amp.autocast(args...)` is deprecated. Please use `torch.amp.autocast('cuda', args...)` instead.
  with torch.cuda.amp.autocast(amp):
      11/49      5.52G    0.04937    0.02788    0.01125         80        736:  93% 14/15 [00:09<00:00,  1.19it/s]/content/drive/MyDrive/Yolo_Object-Detection/yolov5/train.py:412: FutureWarning: `torch.cuda.amp.autocast(args...)` is deprecated. Please use `torch.amp.autocast('cuda', args...)` instead.
  with torch.cuda.amp.autocast(amp):
      11/49      5.52G    0.04859    0.02777    0.01104         59        736: 100% 15/15 [00:10<00:00,  1.40it/s]
                 Class     Images  Instances          P          R      mAP50   mAP50-95: 100% 2/2 [00:01<00:00,  1.01it/s]
                   all         59        112      0.414       0.51      0.522      0.244

      Epoch    GPU_mem   box_loss   obj_loss   cls_loss  Instances       Size
  0% 0/15 [00:00<?, ?it/s]/content/drive/MyDrive/Yolo_Object-Detection/yolov5/train.py:412: FutureWarning: `torch.cuda.amp.autocast(args...)` is deprecated. Please use `torch.amp.autocast('cuda', args...)` instead.
  with torch.cuda.amp.autocast(amp):
      12/49      5.52G    0.04659    0.03027      0.011         77        736:   7% 1/15 [00:00<00:05,  2.45it/s]/content/drive/MyDrive/Yolo_Object-Detection/yolov5/train.py:412: FutureWarning: `torch.cuda.amp.autocast(args...)` is deprecated. Please use `torch.amp.autocast('cuda', args...)` instead.
  with torch.cuda.amp.autocast(amp):
      12/49      5.52G    0.04081    0.02688   0.009502         59        736:  13% 2/15 [00:00<00:06,  2.01it/s]/content/drive/MyDrive/Yolo_Object-Detection/yolov5/train.py:412: FutureWarning: `torch.cuda.amp.autocast(args...)` is deprecated. Please use `torch.amp.autocast('cuda', args...)` instead.
  with torch.cuda.amp.autocast(amp):
      12/49      5.52G    0.04396    0.02876   0.009174         76        736:  20% 3/15 [00:01<00:05,  2.36it/s]/content/drive/MyDrive/Yolo_Object-Detection/yolov5/train.py:412: FutureWarning: `torch.cuda.amp.autocast(args...)` is deprecated. Please use `torch.amp.autocast('cuda', args...)` instead.
  with torch.cuda.amp.autocast(amp):
      12/49      5.52G    0.04774    0.02978   0.008848         85        736:  27% 4/15 [00:02<00:08,  1.23it/s]/content/drive/MyDrive/Yolo_Object-Detection/yolov5/train.py:412: FutureWarning: `torch.cuda.amp.autocast(args...)` is deprecated. Please use `torch.amp.autocast('cuda', args...)` instead.
  with torch.cuda.amp.autocast(amp):
      12/49      5.52G    0.04795    0.03145   0.008409         87        736:  33% 5/15 [00:03<00:06,  1.60it/s]/content/drive/MyDrive/Yolo_Object-Detection/yolov5/train.py:412: FutureWarning: `torch.cuda.amp.autocast(args...)` is deprecated. Please use `torch.amp.autocast('cuda', args...)` instead.
  with torch.cuda.amp.autocast(amp):
      12/49      5.52G    0.04855    0.03124    0.01106         82        736:  40% 6/15 [00:04<00:07,  1.16it/s]/content/drive/MyDrive/Yolo_Object-Detection/yolov5/train.py:412: FutureWarning: `torch.cuda.amp.autocast(args...)` is deprecated. Please use `torch.amp.autocast('cuda', args...)` instead.
  with torch.cuda.amp.autocast(amp):
      12/49      5.52G    0.04986    0.02983    0.01083         58        736:  47% 7/15 [00:04<00:05,  1.47it/s]/content/drive/MyDrive/Yolo_Object-Detection/yolov5/train.py:412: FutureWarning: `torch.cuda.amp.autocast(args...)` is deprecated. Please use `torch.amp.autocast('cuda', args...)` instead.
  with torch.cuda.amp.autocast(amp):
      12/49      5.52G    0.04754       0.03    0.01093         69        736:  53% 8/15 [00:06<00:06,  1.05it/s]/content/drive/MyDrive/Yolo_Object-Detection/yolov5/train.py:412: FutureWarning: `torch.cuda.amp.autocast(args...)` is deprecated. Please use `torch.amp.autocast('cuda', args...)` instead.
  with torch.cuda.amp.autocast(amp):
      12/49      5.52G    0.04574    0.02943    0.01054         63        736:  60% 9/15 [00:06<00:04,  1.35it/s]/content/drive/MyDrive/Yolo_Object-Detection/yolov5/train.py:412: FutureWarning: `torch.cuda.amp.autocast(args...)` is deprecated. Please use `torch.amp.autocast('cuda', args...)` instead.
  with torch.cuda.amp.autocast(amp):
      12/49      5.52G    0.04537    0.03081    0.01015         94        736:  67% 10/15 [00:08<00:05,  1.00s/it]/content/drive/MyDrive/Yolo_Object-Detection/yolov5/train.py:412: FutureWarning: `torch.cuda.amp.autocast(args...)` is deprecated. Please use `torch.amp.autocast('cuda', args...)` instead.
  with torch.cuda.amp.autocast(amp):
      12/49      5.52G    0.04522    0.03069       0.01         75        736:  73% 11/15 [00:08<00:03,  1.27it/s]/content/drive/MyDrive/Yolo_Object-Detection/yolov5/train.py:412: FutureWarning: `torch.cuda.amp.autocast(args...)` is deprecated. Please use `torch.amp.autocast('cuda', args...)` instead.
  with torch.cuda.amp.autocast(amp):
      12/49      5.52G    0.04471    0.03016    0.00976         63        736:  80% 12/15 [00:09<00:03,  1.04s/it]/content/drive/MyDrive/Yolo_Object-Detection/yolov5/train.py:412: FutureWarning: `torch.cuda.amp.autocast(args...)` is deprecated. Please use `torch.amp.autocast('cuda', args...)` instead.
  with torch.cuda.amp.autocast(amp):
      12/49      5.52G    0.04387    0.03004   0.009404         73        736:  87% 13/15 [00:10<00:01,  1.24it/s]/content/drive/MyDrive/Yolo_Object-Detection/yolov5/train.py:412: FutureWarning: `torch.cuda.amp.autocast(args...)` is deprecated. Please use `torch.amp.autocast('cuda', args...)` instead.
  with torch.cuda.amp.autocast(amp):
      12/49      5.52G    0.04332    0.02951   0.009146         58        736:  93% 14/15 [00:11<00:00,  1.02it/s]/content/drive/MyDrive/Yolo_Object-Detection/yolov5/train.py:412: FutureWarning: `torch.cuda.amp.autocast(args...)` is deprecated. Please use `torch.amp.autocast('cuda', args...)` instead.
  with torch.cuda.amp.autocast(amp):
      12/49      5.52G    0.04391    0.02934   0.009235         68        736: 100% 15/15 [00:11<00:00,  1.26it/s]
                 Class     Images  Instances          P          R      mAP50   mAP50-95: 100% 2/2 [00:02<00:00,  1.09s/it]
                   all         59        112      0.354       0.64      0.515      0.298

      Epoch    GPU_mem   box_loss   obj_loss   cls_loss  Instances       Size
  0% 0/15 [00:00<?, ?it/s]/content/drive/MyDrive/Yolo_Object-Detection/yolov5/train.py:412: FutureWarning: `torch.cuda.amp.autocast(args...)` is deprecated. Please use `torch.amp.autocast('cuda', args...)` instead.
  with torch.cuda.amp.autocast(amp):
      13/49      5.52G    0.06113    0.02238    0.02949         58        736:   7% 1/15 [00:00<00:05,  2.68it/s]/content/drive/MyDrive/Yolo_Object-Detection/yolov5/train.py:412: FutureWarning: `torch.cuda.amp.autocast(args...)` is deprecated. Please use `torch.amp.autocast('cuda', args...)` instead.
  with torch.cuda.amp.autocast(amp):
      13/49      5.52G    0.05588    0.02559     0.0202         71        736:  13% 2/15 [00:00<00:04,  2.78it/s]/content/drive/MyDrive/Yolo_Object-Detection/yolov5/train.py:412: FutureWarning: `torch.cuda.amp.autocast(args...)` is deprecated. Please use `torch.amp.autocast('cuda', args...)` instead.
  with torch.cuda.amp.autocast(amp):
      13/49      5.52G    0.04717    0.02638    0.01577         74        736:  20% 3/15 [00:01<00:05,  2.31it/s]/content/drive/MyDrive/Yolo_Object-Detection/yolov5/train.py:412: FutureWarning: `torch.cuda.amp.autocast(args...)` is deprecated. Please use `torch.amp.autocast('cuda', args...)` instead.
  with torch.cuda.amp.autocast(amp):
      13/49      5.52G     0.0487    0.02723    0.01459         70        736:  27% 4/15 [00:01<00:04,  2.47it/s]/content/drive/MyDrive/Yolo_Object-Detection/yolov5/train.py:412: FutureWarning: `torch.cuda.amp.autocast(args...)` is deprecated. Please use `torch.amp.autocast('cuda', args...)` instead.
  with torch.cuda.amp.autocast(amp):
      13/49      5.52G    0.04922    0.02744     0.0145         70        736:  33% 5/15 [00:04<00:13,  1.36s/it]/content/drive/MyDrive/Yolo_Object-Detection/yolov5/train.py:412: FutureWarning: `torch.cuda.amp.autocast(args...)` is deprecated. Please use `torch.amp.autocast('cuda', args...)` instead.
  with torch.cuda.amp.autocast(amp):
      13/49      5.52G    0.05071    0.02757    0.01384         75        736:  40% 6/15 [00:05<00:09,  1.02s/it]/content/drive/MyDrive/Yolo_Object-Detection/yolov5/train.py:412: FutureWarning: `torch.cuda.amp.autocast(args...)` is deprecated. Please use `torch.amp.autocast('cuda', args...)` instead.
  with torch.cuda.amp.autocast(amp):
      13/49      5.52G    0.05095    0.02835    0.01354         82        736:  47% 7/15 [00:06<00:08,  1.09s/it]/content/drive/MyDrive/Yolo_Object-Detection/yolov5/train.py:412: FutureWarning: `torch.cuda.amp.autocast(args...)` is deprecated. Please use `torch.amp.autocast('cuda', args...)` instead.
  with torch.cuda.amp.autocast(amp):
      13/49      5.52G    0.04817    0.02753    0.01294         61        736:  53% 8/15 [00:06<00:05,  1.21it/s]/content/drive/MyDrive/Yolo_Object-Detection/yolov5/train.py:412: FutureWarning: `torch.cuda.amp.autocast(args...)` is deprecated. Please use `torch.amp.autocast('cuda', args...)` instead.
  with torch.cuda.amp.autocast(amp):
      13/49      5.52G    0.04823    0.02839    0.01229         85        736:  60% 9/15 [00:07<00:05,  1.00it/s]/content/drive/MyDrive/Yolo_Object-Detection/yolov5/train.py:412: FutureWarning: `torch.cuda.amp.autocast(args...)` is deprecated. Please use `torch.amp.autocast('cuda', args...)` instead.
  with torch.cuda.amp.autocast(amp):
      13/49      5.52G    0.04854    0.02919    0.01259         93        736:  67% 10/15 [00:08<00:03,  1.25it/s]/content/drive/MyDrive/Yolo_Object-Detection/yolov5/train.py:412: FutureWarning: `torch.cuda.amp.autocast(args...)` is deprecated. Please use `torch.amp.autocast('cuda', args...)` instead.
  with torch.cuda.amp.autocast(amp):
      13/49      5.52G     0.0487    0.02915    0.01192         70        736:  73% 11/15 [00:09<00:04,  1.07s/it]/content/drive/MyDrive/Yolo_Object-Detection/yolov5/train.py:412: FutureWarning: `torch.cuda.amp.autocast(args...)` is deprecated. Please use `torch.amp.autocast('cuda', args...)` instead.
  with torch.cuda.amp.autocast(amp):
      13/49      5.52G    0.04897    0.03005    0.01141         97        736:  80% 12/15 [00:10<00:02,  1.19it/s]/content/drive/MyDrive/Yolo_Object-Detection/yolov5/train.py:412: FutureWarning: `torch.cuda.amp.autocast(args...)` is deprecated. Please use `torch.amp.autocast('cuda', args...)` instead.
  with torch.cuda.amp.autocast(amp):
      13/49      5.52G    0.04866    0.03026    0.01101         85        736:  87% 13/15 [00:11<00:01,  1.05it/s]/content/drive/MyDrive/Yolo_Object-Detection/yolov5/train.py:412: FutureWarning: `torch.cuda.amp.autocast(args...)` is deprecated. Please use `torch.amp.autocast('cuda', args...)` instead.
  with torch.cuda.amp.autocast(amp):
      13/49      5.52G    0.04865    0.02981    0.01065         61        736:  93% 14/15 [00:11<00:00,  1.32it/s]/content/drive/MyDrive/Yolo_Object-Detection/yolov5/train.py:412: FutureWarning: `torch.cuda.amp.autocast(args...)` is deprecated. Please use `torch.amp.autocast('cuda', args...)` instead.
  with torch.cuda.amp.autocast(amp):
      13/49      5.52G    0.04794     0.0303    0.01049         91        736: 100% 15/15 [00:12<00:00,  1.18it/s]
                 Class     Images  Instances          P          R      mAP50   mAP50-95: 100% 2/2 [00:01<00:00,  1.38it/s]
                   all         59        112      0.542      0.599       0.59      0.347

      Epoch    GPU_mem   box_loss   obj_loss   cls_loss  Instances       Size
  0% 0/15 [00:00<?, ?it/s]/content/drive/MyDrive/Yolo_Object-Detection/yolov5/train.py:412: FutureWarning: `torch.cuda.amp.autocast(args...)` is deprecated. Please use `torch.amp.autocast('cuda', args...)` instead.
  with torch.cuda.amp.autocast(amp):
      14/49      5.52G    0.04315    0.02423   0.007341         64        736:   7% 1/15 [00:00<00:05,  2.43it/s]/content/drive/MyDrive/Yolo_Object-Detection/yolov5/train.py:412: FutureWarning: `torch.cuda.amp.autocast(args...)` is deprecated. Please use `torch.amp.autocast('cuda', args...)` instead.
  with torch.cuda.amp.autocast(amp):
      14/49      5.52G    0.05265    0.02767   0.007142         75        736:  13% 2/15 [00:00<00:05,  2.55it/s]/content/drive/MyDrive/Yolo_Object-Detection/yolov5/train.py:412: FutureWarning: `torch.cuda.amp.autocast(args...)` is deprecated. Please use `torch.amp.autocast('cuda', args...)` instead.
  with torch.cuda.amp.autocast(amp):
      14/49      5.52G     0.0435    0.02489   0.006411         50        736:  20% 3/15 [00:01<00:04,  2.88it/s]/content/drive/MyDrive/Yolo_Object-Detection/yolov5/train.py:412: FutureWarning: `torch.cuda.amp.autocast(args...)` is deprecated. Please use `torch.amp.autocast('cuda', args...)` instead.
  with torch.cuda.amp.autocast(amp):
      14/49      5.52G    0.04234    0.02363   0.006132         52        736:  27% 4/15 [00:02<00:07,  1.41it/s]/content/drive/MyDrive/Yolo_Object-Detection/yolov5/train.py:412: FutureWarning: `torch.cuda.amp.autocast(args...)` is deprecated. Please use `torch.amp.autocast('cuda', args...)` instead.
  with torch.cuda.amp.autocast(amp):
      14/49      5.52G     0.0391     0.0255   0.006123         82        736:  33% 5/15 [00:03<00:09,  1.06it/s]/content/drive/MyDrive/Yolo_Object-Detection/yolov5/train.py:412: FutureWarning: `torch.cuda.amp.autocast(args...)` is deprecated. Please use `torch.amp.autocast('cuda', args...)` instead.
  with torch.cuda.amp.autocast(amp):
      14/49      5.52G    0.04219    0.02495   0.006234         57        736:  40% 6/15 [00:04<00:09,  1.01s/it]/content/drive/MyDrive/Yolo_Object-Detection/yolov5/train.py:412: FutureWarning: `torch.cuda.amp.autocast(args...)` is deprecated. Please use `torch.amp.autocast('cuda', args...)` instead.
  with torch.cuda.amp.autocast(amp):
      14/49      5.52G    0.04353    0.02464   0.006133         62        736:  47% 7/15 [00:05<00:08,  1.03s/it]/content/drive/MyDrive/Yolo_Object-Detection/yolov5/train.py:412: FutureWarning: `torch.cuda.amp.autocast(args...)` is deprecated. Please use `torch.amp.autocast('cuda', args...)` instead.
  with torch.cuda.amp.autocast(amp):
      14/49      5.52G    0.04487    0.02532   0.006362         75        736:  53% 8/15 [00:07<00:09,  1.33s/it]/content/drive/MyDrive/Yolo_Object-Detection/yolov5/train.py:412: FutureWarning: `torch.cuda.amp.autocast(args...)` is deprecated. Please use `torch.amp.autocast('cuda', args...)` instead.
  with torch.cuda.amp.autocast(amp):
      14/49      5.52G    0.04393     0.0259   0.006157         79        736:  60% 9/15 [00:09<00:08,  1.36s/it]/content/drive/MyDrive/Yolo_Object-Detection/yolov5/train.py:412: FutureWarning: `torch.cuda.amp.autocast(args...)` is deprecated. Please use `torch.amp.autocast('cuda', args...)` instead.
  with torch.cuda.amp.autocast(amp):
      14/49      5.52G    0.04384    0.02563    0.00659         63        736:  67% 10/15 [00:09<00:05,  1.03s/it]/content/drive/MyDrive/Yolo_Object-Detection/yolov5/train.py:412: FutureWarning: `torch.cuda.amp.autocast(args...)` is deprecated. Please use `torch.amp.autocast('cuda', args...)` instead.
  with torch.cuda.amp.autocast(amp):
      14/49      5.52G    0.04473     0.0258   0.007093         69        736:  73% 11/15 [00:10<00:04,  1.04s/it]/content/drive/MyDrive/Yolo_Object-Detection/yolov5/train.py:412: FutureWarning: `torch.cuda.amp.autocast(args...)` is deprecated. Please use `torch.amp.autocast('cuda', args...)` instead.
  with torch.cuda.amp.autocast(amp):
      14/49      5.52G    0.04453    0.02537   0.007121         54        736:  80% 12/15 [00:11<00:02,  1.16it/s]/content/drive/MyDrive/Yolo_Object-Detection/yolov5/train.py:412: FutureWarning: `torch.cuda.amp.autocast(args...)` is deprecated. Please use `torch.amp.autocast('cuda', args...)` instead.
  with torch.cuda.amp.autocast(amp):
      14/49      5.52G    0.04549    0.02501   0.007146         54        736:  87% 13/15 [00:12<00:01,  1.12it/s]/content/drive/MyDrive/Yolo_Object-Detection/yolov5/train.py:412: FutureWarning: `torch.cuda.amp.autocast(args...)` is deprecated. Please use `torch.amp.autocast('cuda', args...)` instead.
  with torch.cuda.amp.autocast(amp):
      14/49      5.52G    0.04535    0.02517   0.007756         78        736:  93% 14/15 [00:12<00:00,  1.24it/s]/content/drive/MyDrive/Yolo_Object-Detection/yolov5/train.py:412: FutureWarning: `torch.cuda.amp.autocast(args...)` is deprecated. Please use `torch.amp.autocast('cuda', args...)` instead.
  with torch.cuda.amp.autocast(amp):
      14/49      5.52G    0.04616    0.02609   0.007626         94        736: 100% 15/15 [00:13<00:00,  1.11it/s]
                 Class     Images  Instances          P          R      mAP50   mAP50-95: 100% 2/2 [00:01<00:00,  1.53it/s]
                   all         59        112      0.572      0.625      0.631      0.323

      Epoch    GPU_mem   box_loss   obj_loss   cls_loss  Instances       Size
  0% 0/15 [00:00<?, ?it/s]/content/drive/MyDrive/Yolo_Object-Detection/yolov5/train.py:412: FutureWarning: `torch.cuda.amp.autocast(args...)` is deprecated. Please use `torch.amp.autocast('cuda', args...)` instead.
  with torch.cuda.amp.autocast(amp):
      15/49      5.52G    0.02667    0.02262   0.006879         63        736:   7% 1/15 [00:00<00:04,  2.83it/s]/content/drive/MyDrive/Yolo_Object-Detection/yolov5/train.py:412: FutureWarning: `torch.cuda.amp.autocast(args...)` is deprecated. Please use `torch.amp.autocast('cuda', args...)` instead.
  with torch.cuda.amp.autocast(amp):
      15/49      5.52G    0.03679    0.02255   0.005932         59        736:  13% 2/15 [00:00<00:04,  3.06it/s]/content/drive/MyDrive/Yolo_Object-Detection/yolov5/train.py:412: FutureWarning: `torch.cuda.amp.autocast(args...)` is deprecated. Please use `torch.amp.autocast('cuda', args...)` instead.
  with torch.cuda.amp.autocast(amp):
      15/49      5.52G    0.04398    0.02549   0.006824         80        736:  20% 3/15 [00:01<00:04,  2.77it/s]/content/drive/MyDrive/Yolo_Object-Detection/yolov5/train.py:412: FutureWarning: `torch.cuda.amp.autocast(args...)` is deprecated. Please use `torch.amp.autocast('cuda', args...)` instead.
  with torch.cuda.amp.autocast(amp):
      15/49      5.52G    0.04598    0.02635   0.007304         70        736:  27% 4/15 [00:02<00:09,  1.15it/s]/content/drive/MyDrive/Yolo_Object-Detection/yolov5/train.py:412: FutureWarning: `torch.cuda.amp.autocast(args...)` is deprecated. Please use `torch.amp.autocast('cuda', args...)` instead.
  with torch.cuda.amp.autocast(amp):
      15/49      5.52G    0.04561    0.02579   0.009219         62        736:  33% 5/15 [00:03<00:06,  1.44it/s]/content/drive/MyDrive/Yolo_Object-Detection/yolov5/train.py:412: FutureWarning: `torch.cuda.amp.autocast(args...)` is deprecated. Please use `torch.amp.autocast('cuda', args...)` instead.
  with torch.cuda.amp.autocast(amp):
      15/49      5.52G    0.04691    0.02651   0.008742         81        736:  40% 6/15 [00:05<00:10,  1.16s/it]/content/drive/MyDrive/Yolo_Object-Detection/yolov5/train.py:412: FutureWarning: `torch.cuda.amp.autocast(args...)` is deprecated. Please use `torch.amp.autocast('cuda', args...)` instead.
  with torch.cuda.amp.autocast(amp):
      15/49      5.52G    0.04583    0.02672    0.01007         74        736:  47% 7/15 [00:05<00:07,  1.06it/s]/content/drive/MyDrive/Yolo_Object-Detection/yolov5/train.py:412: FutureWarning: `torch.cuda.amp.autocast(args...)` is deprecated. Please use `torch.amp.autocast('cuda', args...)` instead.
  with torch.cuda.amp.autocast(amp):
      15/49      5.52G    0.04617    0.02707    0.01014         72        736:  53% 8/15 [00:08<00:09,  1.41s/it]/content/drive/MyDrive/Yolo_Object-Detection/yolov5/train.py:412: FutureWarning: `torch.cuda.amp.autocast(args...)` is deprecated. Please use `torch.amp.autocast('cuda', args...)` instead.
  with torch.cuda.amp.autocast(amp):
      15/49      5.52G    0.04578    0.02736    0.00966         70        736:  60% 9/15 [00:08<00:06,  1.08s/it]/content/drive/MyDrive/Yolo_Object-Detection/yolov5/train.py:412: FutureWarning: `torch.cuda.amp.autocast(args...)` is deprecated. Please use `torch.amp.autocast('cuda', args...)` instead.
  with torch.cuda.amp.autocast(amp):
      15/49      5.52G     0.0454    0.02704   0.009246         60        736:  67% 10/15 [00:10<00:07,  1.47s/it]/content/drive/MyDrive/Yolo_Object-Detection/yolov5/train.py:412: FutureWarning: `torch.cuda.amp.autocast(args...)` is deprecated. Please use `torch.amp.autocast('cuda', args...)` instead.
  with torch.cuda.amp.autocast(amp):
      15/49      5.52G    0.04564    0.02719    0.01001         71        736:  73% 11/15 [00:11<00:04,  1.15s/it]/content/drive/MyDrive/Yolo_Object-Detection/yolov5/train.py:412: FutureWarning: `torch.cuda.amp.autocast(args...)` is deprecated. Please use `torch.amp.autocast('cuda', args...)` instead.
  with torch.cuda.amp.autocast(amp):
      15/49      5.52G    0.04546    0.02741   0.009567         81        736:  80% 12/15 [00:12<00:03,  1.19s/it]/content/drive/MyDrive/Yolo_Object-Detection/yolov5/train.py:412: FutureWarning: `torch.cuda.amp.autocast(args...)` is deprecated. Please use `torch.amp.autocast('cuda', args...)` instead.
  with torch.cuda.amp.autocast(amp):
      15/49      5.52G    0.04604     0.0274   0.009192         69        736:  87% 13/15 [00:12<00:01,  1.08it/s]/content/drive/MyDrive/Yolo_Object-Detection/yolov5/train.py:412: FutureWarning: `torch.cuda.amp.autocast(args...)` is deprecated. Please use `torch.amp.autocast('cuda', args...)` instead.
  with torch.cuda.amp.autocast(amp):
      15/49      5.52G    0.04588    0.02741    0.00906         73        736:  93% 14/15 [00:14<00:01,  1.11s/it]/content/drive/MyDrive/Yolo_Object-Detection/yolov5/train.py:412: FutureWarning: `torch.cuda.amp.autocast(args...)` is deprecated. Please use `torch.amp.autocast('cuda', args...)` instead.
  with torch.cuda.amp.autocast(amp):
      15/49      5.52G    0.04642    0.02738    0.00875         73        736: 100% 15/15 [00:14<00:00,  1.02it/s]
                 Class     Images  Instances          P          R      mAP50   mAP50-95: 100% 2/2 [00:01<00:00,  1.53it/s]
                   all         59        112      0.552       0.61      0.606      0.321

      Epoch    GPU_mem   box_loss   obj_loss   cls_loss  Instances       Size
  0% 0/15 [00:00<?, ?it/s]/content/drive/MyDrive/Yolo_Object-Detection/yolov5/train.py:412: FutureWarning: `torch.cuda.amp.autocast(args...)` is deprecated. Please use `torch.amp.autocast('cuda', args...)` instead.
  with torch.cuda.amp.autocast(amp):
      16/49      5.52G    0.06972    0.02974    0.03447         75        736:   7% 1/15 [00:00<00:04,  3.40it/s]/content/drive/MyDrive/Yolo_Object-Detection/yolov5/train.py:412: FutureWarning: `torch.cuda.amp.autocast(args...)` is deprecated. Please use `torch.amp.autocast('cuda', args...)` instead.
  with torch.cuda.amp.autocast(amp):
      16/49      5.52G    0.05798    0.02744    0.02204         65        736:  13% 2/15 [00:00<00:03,  3.60it/s]/content/drive/MyDrive/Yolo_Object-Detection/yolov5/train.py:412: FutureWarning: `torch.cuda.amp.autocast(args...)` is deprecated. Please use `torch.amp.autocast('cuda', args...)` instead.
  with torch.cuda.amp.autocast(amp):
      16/49      5.52G    0.05187    0.02797    0.01773         65        736:  20% 3/15 [00:01<00:09,  1.33it/s]/content/drive/MyDrive/Yolo_Object-Detection/yolov5/train.py:412: FutureWarning: `torch.cuda.amp.autocast(args...)` is deprecated. Please use `torch.amp.autocast('cuda', args...)` instead.
  with torch.cuda.amp.autocast(amp):
      16/49      5.52G    0.04952    0.02861    0.01434         76        736:  27% 4/15 [00:02<00:06,  1.74it/s]/content/drive/MyDrive/Yolo_Object-Detection/yolov5/train.py:412: FutureWarning: `torch.cuda.amp.autocast(args...)` is deprecated. Please use `torch.amp.autocast('cuda', args...)` instead.
  with torch.cuda.amp.autocast(amp):
      16/49      5.52G    0.04902     0.0284    0.01751         74        736:  33% 5/15 [00:03<00:07,  1.31it/s]/content/drive/MyDrive/Yolo_Object-Detection/yolov5/train.py:412: FutureWarning: `torch.cuda.amp.autocast(args...)` is deprecated. Please use `torch.amp.autocast('cuda', args...)` instead.
  with torch.cuda.amp.autocast(amp):
      16/49      5.52G    0.04708    0.02846    0.01556         75        736:  40% 6/15 [00:03<00:05,  1.66it/s]/content/drive/MyDrive/Yolo_Object-Detection/yolov5/train.py:412: FutureWarning: `torch.cuda.amp.autocast(args...)` is deprecated. Please use `torch.amp.autocast('cuda', args...)` instead.
  with torch.cuda.amp.autocast(amp):
      16/49      5.52G    0.04383    0.02821    0.01434         76        736:  47% 7/15 [00:05<00:07,  1.05it/s]/content/drive/MyDrive/Yolo_Object-Detection/yolov5/train.py:412: FutureWarning: `torch.cuda.amp.autocast(args...)` is deprecated. Please use `torch.amp.autocast('cuda', args...)` instead.
  with torch.cuda.amp.autocast(amp):
      16/49      5.52G    0.04441    0.02953    0.01322         96        736:  53% 8/15 [00:05<00:05,  1.25it/s]/content/drive/MyDrive/Yolo_Object-Detection/yolov5/train.py:412: FutureWarning: `torch.cuda.amp.autocast(args...)` is deprecated. Please use `torch.amp.autocast('cuda', args...)` instead.
  with torch.cuda.amp.autocast(amp):
      16/49      5.52G    0.04226    0.02883    0.01212         66        736:  60% 9/15 [00:07<00:07,  1.21s/it]/content/drive/MyDrive/Yolo_Object-Detection/yolov5/train.py:412: FutureWarning: `torch.cuda.amp.autocast(args...)` is deprecated. Please use `torch.amp.autocast('cuda', args...)` instead.
  with torch.cuda.amp.autocast(amp):
      16/49      5.52G     0.0442    0.02866    0.01153         73        736:  67% 10/15 [00:08<00:04,  1.07it/s]/content/drive/MyDrive/Yolo_Object-Detection/yolov5/train.py:412: FutureWarning: `torch.cuda.amp.autocast(args...)` is deprecated. Please use `torch.amp.autocast('cuda', args...)` instead.
  with torch.cuda.amp.autocast(amp):
      16/49      5.52G    0.04471     0.0287    0.01106         80        736:  73% 11/15 [00:10<00:05,  1.27s/it]/content/drive/MyDrive/Yolo_Object-Detection/yolov5/train.py:412: FutureWarning: `torch.cuda.amp.autocast(args...)` is deprecated. Please use `torch.amp.autocast('cuda', args...)` instead.
  with torch.cuda.amp.autocast(amp):
      16/49      5.52G     0.0455    0.02882    0.01067         81        736:  80% 12/15 [00:10<00:03,  1.02s/it]/content/drive/MyDrive/Yolo_Object-Detection/yolov5/train.py:412: FutureWarning: `torch.cuda.amp.autocast(args...)` is deprecated. Please use `torch.amp.autocast('cuda', args...)` instead.
  with torch.cuda.amp.autocast(amp):
      16/49      5.52G    0.04637    0.02865     0.0111         80        736:  87% 13/15 [00:12<00:02,  1.36s/it]/content/drive/MyDrive/Yolo_Object-Detection/yolov5/train.py:412: FutureWarning: `torch.cuda.amp.autocast(args...)` is deprecated. Please use `torch.amp.autocast('cuda', args...)` instead.
  with torch.cuda.amp.autocast(amp):
      16/49      5.52G    0.04591    0.02832    0.01077         68        736:  93% 14/15 [00:13<00:01,  1.06s/it]/content/drive/MyDrive/Yolo_Object-Detection/yolov5/train.py:412: FutureWarning: `torch.cuda.amp.autocast(args...)` is deprecated. Please use `torch.amp.autocast('cuda', args...)` instead.
  with torch.cuda.amp.autocast(amp):
      16/49      5.52G    0.04696    0.02834    0.01189         74        736: 100% 15/15 [00:14<00:00,  1.03it/s]
                 Class     Images  Instances          P          R      mAP50   mAP50-95: 100% 2/2 [00:01<00:00,  1.32it/s]
                   all         59        112      0.486      0.579      0.543      0.314

      Epoch    GPU_mem   box_loss   obj_loss   cls_loss  Instances       Size
  0% 0/15 [00:00<?, ?it/s]/content/drive/MyDrive/Yolo_Object-Detection/yolov5/train.py:412: FutureWarning: `torch.cuda.amp.autocast(args...)` is deprecated. Please use `torch.amp.autocast('cuda', args...)` instead.
  with torch.cuda.amp.autocast(amp):
      17/49      5.52G     0.0437     0.0236   0.004894         71        736:   7% 1/15 [00:00<00:04,  2.86it/s]/content/drive/MyDrive/Yolo_Object-Detection/yolov5/train.py:412: FutureWarning: `torch.cuda.amp.autocast(args...)` is deprecated. Please use `torch.amp.autocast('cuda', args...)` instead.
  with torch.cuda.amp.autocast(amp):
      17/49      5.52G    0.03477    0.02586    0.00438         77        736:  13% 2/15 [00:00<00:04,  3.17it/s]/content/drive/MyDrive/Yolo_Object-Detection/yolov5/train.py:412: FutureWarning: `torch.cuda.amp.autocast(args...)` is deprecated. Please use `torch.amp.autocast('cuda', args...)` instead.
  with torch.cuda.amp.autocast(amp):
      17/49      5.52G    0.03824    0.02522   0.005236         65        736:  20% 3/15 [00:00<00:03,  3.33it/s]/content/drive/MyDrive/Yolo_Object-Detection/yolov5/train.py:412: FutureWarning: `torch.cuda.amp.autocast(args...)` is deprecated. Please use `torch.amp.autocast('cuda', args...)` instead.
  with torch.cuda.amp.autocast(amp):
      17/49      5.52G      0.035    0.02515   0.005319         70        736:  27% 4/15 [00:01<00:03,  3.49it/s]/content/drive/MyDrive/Yolo_Object-Detection/yolov5/train.py:412: FutureWarning: `torch.cuda.amp.autocast(args...)` is deprecated. Please use `torch.amp.autocast('cuda', args...)` instead.
  with torch.cuda.amp.autocast(amp):
      17/49      5.52G    0.03465    0.02442    0.00579         57        736:  33% 5/15 [00:02<00:06,  1.56it/s]/content/drive/MyDrive/Yolo_Object-Detection/yolov5/train.py:412: FutureWarning: `torch.cuda.amp.autocast(args...)` is deprecated. Please use `torch.amp.autocast('cuda', args...)` instead.
  with torch.cuda.amp.autocast(amp):
      17/49      5.52G    0.03642    0.02476   0.005666         75        736:  40% 6/15 [00:02<00:05,  1.75it/s]/content/drive/MyDrive/Yolo_Object-Detection/yolov5/train.py:412: FutureWarning: `torch.cuda.amp.autocast(args...)` is deprecated. Please use `torch.amp.autocast('cuda', args...)` instead.
  with torch.cuda.amp.autocast(amp):
      17/49      5.52G    0.03953    0.02447   0.005646         62        736:  47% 7/15 [00:03<00:05,  1.48it/s]/content/drive/MyDrive/Yolo_Object-Detection/yolov5/train.py:412: FutureWarning: `torch.cuda.amp.autocast(args...)` is deprecated. Please use `torch.amp.autocast('cuda', args...)` instead.
  with torch.cuda.amp.autocast(amp):
      17/49      5.52G    0.04099    0.02442   0.005574         61        736:  53% 8/15 [00:04<00:04,  1.56it/s]/content/drive/MyDrive/Yolo_Object-Detection/yolov5/train.py:412: FutureWarning: `torch.cuda.amp.autocast(args...)` is deprecated. Please use `torch.amp.autocast('cuda', args...)` instead.
  with torch.cuda.amp.autocast(amp):
      17/49      5.52G    0.04159    0.02491   0.005936         86        736:  60% 9/15 [00:05<00:04,  1.38it/s]/content/drive/MyDrive/Yolo_Object-Detection/yolov5/train.py:412: FutureWarning: `torch.cuda.amp.autocast(args...)` is deprecated. Please use `torch.amp.autocast('cuda', args...)` instead.
  with torch.cuda.amp.autocast(amp):
      17/49      5.52G    0.04322    0.02484   0.005988         71        736:  67% 10/15 [00:05<00:03,  1.50it/s]/content/drive/MyDrive/Yolo_Object-Detection/yolov5/train.py:412: FutureWarning: `torch.cuda.amp.autocast(args...)` is deprecated. Please use `torch.amp.autocast('cuda', args...)` instead.
  with torch.cuda.amp.autocast(amp):
      17/49      5.52G    0.04367    0.02503   0.006459         73        736:  73% 11/15 [00:06<00:03,  1.28it/s]/content/drive/MyDrive/Yolo_Object-Detection/yolov5/train.py:412: FutureWarning: `torch.cuda.amp.autocast(args...)` is deprecated. Please use `torch.amp.autocast('cuda', args...)` instead.
  with torch.cuda.amp.autocast(amp):
      17/49      5.52G    0.04464    0.02528   0.006413         77        736:  80% 12/15 [00:07<00:02,  1.38it/s]/content/drive/MyDrive/Yolo_Object-Detection/yolov5/train.py:412: FutureWarning: `torch.cuda.amp.autocast(args...)` is deprecated. Please use `torch.amp.autocast('cuda', args...)` instead.
  with torch.cuda.amp.autocast(amp):
      17/49      5.52G    0.04491    0.02543   0.006255         78        736:  87% 13/15 [00:09<00:02,  1.17s/it]/content/drive/MyDrive/Yolo_Object-Detection/yolov5/train.py:412: FutureWarning: `torch.cuda.amp.autocast(args...)` is deprecated. Please use `torch.amp.autocast('cuda', args...)` instead.
  with torch.cuda.amp.autocast(amp):
      17/49      5.52G     0.0453    0.02576   0.006242         82        736:  93% 14/15 [00:11<00:01,  1.25s/it]/content/drive/MyDrive/Yolo_Object-Detection/yolov5/train.py:412: FutureWarning: `torch.cuda.amp.autocast(args...)` is deprecated. Please use `torch.amp.autocast('cuda', args...)` instead.
  with torch.cuda.amp.autocast(amp):
      17/49      5.52G    0.04505    0.02576   0.006191         67        736: 100% 15/15 [00:12<00:00,  1.24it/s]
                 Class     Images  Instances          P          R      mAP50   mAP50-95: 100% 2/2 [00:02<00:00,  1.30s/it]
                   all         59        112      0.794      0.654      0.793      0.506

      Epoch    GPU_mem   box_loss   obj_loss   cls_loss  Instances       Size
  0% 0/15 [00:00<?, ?it/s]/content/drive/MyDrive/Yolo_Object-Detection/yolov5/train.py:412: FutureWarning: `torch.cuda.amp.autocast(args...)` is deprecated. Please use `torch.amp.autocast('cuda', args...)` instead.
  with torch.cuda.amp.autocast(amp):
      18/49      5.52G    0.05308     0.0244   0.009304         67        736:   7% 1/15 [00:00<00:04,  3.04it/s]/content/drive/MyDrive/Yolo_Object-Detection/yolov5/train.py:412: FutureWarning: `torch.cuda.amp.autocast(args...)` is deprecated. Please use `torch.amp.autocast('cuda', args...)` instead.
  with torch.cuda.amp.autocast(amp):
      18/49      5.52G    0.04791    0.02369   0.006756         65        736:  13% 2/15 [00:00<00:04,  2.89it/s]/content/drive/MyDrive/Yolo_Object-Detection/yolov5/train.py:412: FutureWarning: `torch.cuda.amp.autocast(args...)` is deprecated. Please use `torch.amp.autocast('cuda', args...)` instead.
  with torch.cuda.amp.autocast(amp):
      18/49      5.52G     0.0391    0.02419   0.007171         72        736:  20% 3/15 [00:00<00:03,  3.26it/s]/content/drive/MyDrive/Yolo_Object-Detection/yolov5/train.py:412: FutureWarning: `torch.cuda.amp.autocast(args...)` is deprecated. Please use `torch.amp.autocast('cuda', args...)` instead.
  with torch.cuda.amp.autocast(amp):
      18/49      5.52G    0.03512    0.02274   0.006783         48        736:  27% 4/15 [00:01<00:04,  2.55it/s]/content/drive/MyDrive/Yolo_Object-Detection/yolov5/train.py:412: FutureWarning: `torch.cuda.amp.autocast(args...)` is deprecated. Please use `torch.amp.autocast('cuda', args...)` instead.
  with torch.cuda.amp.autocast(amp):
      18/49      5.52G    0.03798    0.02351    0.00644         74        736:  33% 5/15 [00:02<00:05,  1.73it/s]/content/drive/MyDrive/Yolo_Object-Detection/yolov5/train.py:412: FutureWarning: `torch.cuda.amp.autocast(args...)` is deprecated. Please use `torch.amp.autocast('cuda', args...)` instead.
  with torch.cuda.amp.autocast(amp):
      18/49      5.52G    0.03947    0.02356   0.006156         64        736:  40% 6/15 [00:03<00:05,  1.54it/s]/content/drive/MyDrive/Yolo_Object-Detection/yolov5/train.py:412: FutureWarning: `torch.cuda.amp.autocast(args...)` is deprecated. Please use `torch.amp.autocast('cuda', args...)` instead.
  with torch.cuda.amp.autocast(amp):
      18/49      5.52G    0.04114    0.02397   0.006837         73        736:  47% 7/15 [00:03<00:04,  1.67it/s]/content/drive/MyDrive/Yolo_Object-Detection/yolov5/train.py:412: FutureWarning: `torch.cuda.amp.autocast(args...)` is deprecated. Please use `torch.amp.autocast('cuda', args...)` instead.
  with torch.cuda.amp.autocast(amp):
      18/49      5.52G    0.04241    0.02386   0.006988         66        736:  53% 8/15 [00:04<00:05,  1.26it/s]/content/drive/MyDrive/Yolo_Object-Detection/yolov5/train.py:412: FutureWarning: `torch.cuda.amp.autocast(args...)` is deprecated. Please use `torch.amp.autocast('cuda', args...)` instead.
  with torch.cuda.amp.autocast(amp):
      18/49      5.52G    0.04132    0.02377   0.006874         60        736:  60% 9/15 [00:05<00:03,  1.57it/s]/content/drive/MyDrive/Yolo_Object-Detection/yolov5/train.py:412: FutureWarning: `torch.cuda.amp.autocast(args...)` is deprecated. Please use `torch.amp.autocast('cuda', args...)` instead.
  with torch.cuda.amp.autocast(amp):
      18/49      5.52G     0.0403    0.02403   0.006464         77        736:  67% 10/15 [00:06<00:04,  1.14it/s]/content/drive/MyDrive/Yolo_Object-Detection/yolov5/train.py:412: FutureWarning: `torch.cuda.amp.autocast(args...)` is deprecated. Please use `torch.amp.autocast('cuda', args...)` instead.
  with torch.cuda.amp.autocast(amp):
      18/49      5.52G    0.03914    0.02416   0.006334         70        736:  73% 11/15 [00:06<00:02,  1.43it/s]/content/drive/MyDrive/Yolo_Object-Detection/yolov5/train.py:412: FutureWarning: `torch.cuda.amp.autocast(args...)` is deprecated. Please use `torch.amp.autocast('cuda', args...)` instead.
  with torch.cuda.amp.autocast(amp):
      18/49      5.52G     0.0399    0.02418    0.00669         62        736:  80% 12/15 [00:08<00:02,  1.17it/s]/content/drive/MyDrive/Yolo_Object-Detection/yolov5/train.py:412: FutureWarning: `torch.cuda.amp.autocast(args...)` is deprecated. Please use `torch.amp.autocast('cuda', args...)` instead.
  with torch.cuda.amp.autocast(amp):
      18/49      5.52G    0.04052    0.02472   0.006679         80        736:  87% 13/15 [00:08<00:01,  1.38it/s]/content/drive/MyDrive/Yolo_Object-Detection/yolov5/train.py:412: FutureWarning: `torch.cuda.amp.autocast(args...)` is deprecated. Please use `torch.amp.autocast('cuda', args...)` instead.
  with torch.cuda.amp.autocast(amp):
      18/49      5.52G    0.03955    0.02438   0.006839         52        736:  93% 14/15 [00:09<00:00,  1.25it/s]/content/drive/MyDrive/Yolo_Object-Detection/yolov5/train.py:412: FutureWarning: `torch.cuda.amp.autocast(args...)` is deprecated. Please use `torch.amp.autocast('cuda', args...)` instead.
  with torch.cuda.amp.autocast(amp):
      18/49      5.52G     0.0399    0.02529   0.006813         97        736: 100% 15/15 [00:10<00:00,  1.45it/s]
                 Class     Images  Instances          P          R      mAP50   mAP50-95: 100% 2/2 [00:01<00:00,  1.08it/s]
                   all         59        112      0.645      0.741      0.732      0.403

      Epoch    GPU_mem   box_loss   obj_loss   cls_loss  Instances       Size
  0% 0/15 [00:00<?, ?it/s]/content/drive/MyDrive/Yolo_Object-Detection/yolov5/train.py:412: FutureWarning: `torch.cuda.amp.autocast(args...)` is deprecated. Please use `torch.amp.autocast('cuda', args...)` instead.
  with torch.cuda.amp.autocast(amp):
      19/49      5.52G    0.04927    0.02351    0.01606         65        736:   7% 1/15 [00:00<00:05,  2.34it/s]/content/drive/MyDrive/Yolo_Object-Detection/yolov5/train.py:412: FutureWarning: `torch.cuda.amp.autocast(args...)` is deprecated. Please use `torch.amp.autocast('cuda', args...)` instead.
  with torch.cuda.amp.autocast(amp):
      19/49      5.52G    0.04909    0.02596     0.0128         84        736:  13% 2/15 [00:00<00:04,  2.67it/s]/content/drive/MyDrive/Yolo_Object-Detection/yolov5/train.py:412: FutureWarning: `torch.cuda.amp.autocast(args...)` is deprecated. Please use `torch.amp.autocast('cuda', args...)` instead.
  with torch.cuda.amp.autocast(amp):
      19/49      5.52G    0.04815    0.02791    0.01043         81        736:  20% 3/15 [00:01<00:09,  1.33it/s]/content/drive/MyDrive/Yolo_Object-Detection/yolov5/train.py:412: FutureWarning: `torch.cuda.amp.autocast(args...)` is deprecated. Please use `torch.amp.autocast('cuda', args...)` instead.
  with torch.cuda.amp.autocast(amp):
      19/49      5.52G    0.04212    0.02656    0.00916         65        736:  27% 4/15 [00:03<00:12,  1.09s/it]/content/drive/MyDrive/Yolo_Object-Detection/yolov5/train.py:412: FutureWarning: `torch.cuda.amp.autocast(args...)` is deprecated. Please use `torch.amp.autocast('cuda', args...)` instead.
  with torch.cuda.amp.autocast(amp):
      19/49      5.52G    0.04284    0.02645    0.01233         66        736:  33% 5/15 [00:04<00:09,  1.06it/s]/content/drive/MyDrive/Yolo_Object-Detection/yolov5/train.py:412: FutureWarning: `torch.cuda.amp.autocast(args...)` is deprecated. Please use `torch.amp.autocast('cuda', args...)` instead.
  with torch.cuda.amp.autocast(amp):
      19/49      5.52G    0.04294    0.02704    0.01115         78        736:  40% 6/15 [00:05<00:09,  1.02s/it]/content/drive/MyDrive/Yolo_Object-Detection/yolov5/train.py:412: FutureWarning: `torch.cuda.amp.autocast(args...)` is deprecated. Please use `torch.amp.autocast('cuda', args...)` instead.
  with torch.cuda.amp.autocast(amp):
      19/49      5.52G    0.04011    0.02638    0.01004         66        736:  47% 7/15 [00:05<00:06,  1.25it/s]/content/drive/MyDrive/Yolo_Object-Detection/yolov5/train.py:412: FutureWarning: `torch.cuda.amp.autocast(args...)` is deprecated. Please use `torch.amp.autocast('cuda', args...)` instead.
  with torch.cuda.amp.autocast(amp):
      19/49      5.52G    0.04126    0.02704    0.00952         88        736:  53% 8/15 [00:07<00:06,  1.06it/s]/content/drive/MyDrive/Yolo_Object-Detection/yolov5/train.py:412: FutureWarning: `torch.cuda.amp.autocast(args...)` is deprecated. Please use `torch.amp.autocast('cuda', args...)` instead.
  with torch.cuda.amp.autocast(amp):
      19/49      5.52G    0.04056    0.02728   0.009119         79        736:  60% 9/15 [00:07<00:04,  1.35it/s]/content/drive/MyDrive/Yolo_Object-Detection/yolov5/train.py:412: FutureWarning: `torch.cuda.amp.autocast(args...)` is deprecated. Please use `torch.amp.autocast('cuda', args...)` instead.
  with torch.cuda.amp.autocast(amp):
      19/49      5.52G    0.04058    0.02746   0.009187         72        736:  67% 10/15 [00:08<00:04,  1.06it/s]/content/drive/MyDrive/Yolo_Object-Detection/yolov5/train.py:412: FutureWarning: `torch.cuda.amp.autocast(args...)` is deprecated. Please use `torch.amp.autocast('cuda', args...)` instead.
  with torch.cuda.amp.autocast(amp):
      19/49      5.52G    0.03911    0.02711   0.008779         64        736:  73% 11/15 [00:08<00:02,  1.35it/s]/content/drive/MyDrive/Yolo_Object-Detection/yolov5/train.py:412: FutureWarning: `torch.cuda.amp.autocast(args...)` is deprecated. Please use `torch.amp.autocast('cuda', args...)` instead.
  with torch.cuda.amp.autocast(amp):
      19/49      5.52G    0.03993    0.02704    0.01085         65        736:  80% 12/15 [00:10<00:02,  1.15it/s]/content/drive/MyDrive/Yolo_Object-Detection/yolov5/train.py:412: FutureWarning: `torch.cuda.amp.autocast(args...)` is deprecated. Please use `torch.amp.autocast('cuda', args...)` instead.
  with torch.cuda.amp.autocast(amp):
      19/49      5.52G    0.03906    0.02662    0.01035         63        736:  87% 13/15 [00:10<00:01,  1.40it/s]/content/drive/MyDrive/Yolo_Object-Detection/yolov5/train.py:412: FutureWarning: `torch.cuda.amp.autocast(args...)` is deprecated. Please use `torch.amp.autocast('cuda', args...)` instead.
  with torch.cuda.amp.autocast(amp):
      19/49      5.52G    0.03915    0.02665    0.01054         72        736:  93% 14/15 [00:11<00:00,  1.20it/s]/content/drive/MyDrive/Yolo_Object-Detection/yolov5/train.py:412: FutureWarning: `torch.cuda.amp.autocast(args...)` is deprecated. Please use `torch.amp.autocast('cuda', args...)` instead.
  with torch.cuda.amp.autocast(amp):
      19/49      5.52G    0.03868    0.02649     0.0102         61        736: 100% 15/15 [00:11<00:00,  1.26it/s]
                 Class     Images  Instances          P          R      mAP50   mAP50-95: 100% 2/2 [00:01<00:00,  1.44it/s]
                   all         59        112       0.65       0.72      0.722      0.428

      Epoch    GPU_mem   box_loss   obj_loss   cls_loss  Instances       Size
  0% 0/15 [00:00<?, ?it/s]/content/drive/MyDrive/Yolo_Object-Detection/yolov5/train.py:412: FutureWarning: `torch.cuda.amp.autocast(args...)` is deprecated. Please use `torch.amp.autocast('cuda', args...)` instead.
  with torch.cuda.amp.autocast(amp):
      20/49      5.52G    0.03648    0.02006   0.005715         57        736:   7% 1/15 [00:00<00:09,  1.46it/s]/content/drive/MyDrive/Yolo_Object-Detection/yolov5/train.py:412: FutureWarning: `torch.cuda.amp.autocast(args...)` is deprecated. Please use `torch.amp.autocast('cuda', args...)` instead.
  with torch.cuda.amp.autocast(amp):
      20/49      5.52G    0.03568    0.02569   0.006119         80        736:  13% 2/15 [00:01<00:06,  1.94it/s]/content/drive/MyDrive/Yolo_Object-Detection/yolov5/train.py:412: FutureWarning: `torch.cuda.amp.autocast(args...)` is deprecated. Please use `torch.amp.autocast('cuda', args...)` instead.
  with torch.cuda.amp.autocast(amp):
      20/49      5.52G    0.04068    0.02579   0.005404         70        736:  20% 3/15 [00:02<00:13,  1.15s/it]/content/drive/MyDrive/Yolo_Object-Detection/yolov5/train.py:412: FutureWarning: `torch.cuda.amp.autocast(args...)` is deprecated. Please use `torch.amp.autocast('cuda', args...)` instead.
  with torch.cuda.amp.autocast(amp):
      20/49      5.52G    0.04308     0.0257   0.005384         69        736:  27% 4/15 [00:03<00:09,  1.17it/s]/content/drive/MyDrive/Yolo_Object-Detection/yolov5/train.py:412: FutureWarning: `torch.cuda.amp.autocast(args...)` is deprecated. Please use `torch.amp.autocast('cuda', args...)` instead.
  with torch.cuda.amp.autocast(amp):
      20/49      5.52G    0.04459    0.02466   0.005463         58        736:  33% 5/15 [00:05<00:12,  1.20s/it]/content/drive/MyDrive/Yolo_Object-Detection/yolov5/train.py:412: FutureWarning: `torch.cuda.amp.autocast(args...)` is deprecated. Please use `torch.amp.autocast('cuda', args...)` instead.
  with torch.cuda.amp.autocast(amp):
      20/49      5.52G    0.04687    0.02427   0.009024         68        736:  40% 6/15 [00:05<00:08,  1.09it/s]/content/drive/MyDrive/Yolo_Object-Detection/yolov5/train.py:412: FutureWarning: `torch.cuda.amp.autocast(args...)` is deprecated. Please use `torch.amp.autocast('cuda', args...)` instead.
  with torch.cuda.amp.autocast(amp):
      20/49      5.52G    0.04344    0.02586   0.008417         92        736:  47% 7/15 [00:07<00:09,  1.20s/it]/content/drive/MyDrive/Yolo_Object-Detection/yolov5/train.py:412: FutureWarning: `torch.cuda.amp.autocast(args...)` is deprecated. Please use `torch.amp.autocast('cuda', args...)` instead.
  with torch.cuda.amp.autocast(amp):
      20/49      5.52G    0.04284    0.02645   0.008147         82        736:  53% 8/15 [00:08<00:07,  1.04s/it]/content/drive/MyDrive/Yolo_Object-Detection/yolov5/train.py:412: FutureWarning: `torch.cuda.amp.autocast(args...)` is deprecated. Please use `torch.amp.autocast('cuda', args...)` instead.
  with torch.cuda.amp.autocast(amp):
      20/49      5.52G    0.04292    0.02619   0.009496         61        736:  60% 9/15 [00:09<00:06,  1.16s/it]/content/drive/MyDrive/Yolo_Object-Detection/yolov5/train.py:412: FutureWarning: `torch.cuda.amp.autocast(args...)` is deprecated. Please use `torch.amp.autocast('cuda', args...)` instead.
  with torch.cuda.amp.autocast(amp):
      20/49      5.52G    0.04348    0.02586    0.00913         61        736:  67% 10/15 [00:09<00:04,  1.07it/s]/content/drive/MyDrive/Yolo_Object-Detection/yolov5/train.py:412: FutureWarning: `torch.cuda.amp.autocast(args...)` is deprecated. Please use `torch.amp.autocast('cuda', args...)` instead.
  with torch.cuda.amp.autocast(amp):
      20/49      5.52G    0.04352    0.02573   0.009221         64        736:  73% 11/15 [00:10<00:03,  1.03it/s]/content/drive/MyDrive/Yolo_Object-Detection/yolov5/train.py:412: FutureWarning: `torch.cuda.amp.autocast(args...)` is deprecated. Please use `torch.amp.autocast('cuda', args...)` instead.
  with torch.cuda.amp.autocast(amp):
      20/49      5.52G    0.04203    0.02599   0.009302         73        736:  80% 12/15 [00:11<00:02,  1.22it/s]/content/drive/MyDrive/Yolo_Object-Detection/yolov5/train.py:412: FutureWarning: `torch.cuda.amp.autocast(args...)` is deprecated. Please use `torch.amp.autocast('cuda', args...)` instead.
  with torch.cuda.amp.autocast(amp):
      20/49      5.52G    0.04131    0.02611   0.008815         77        736:  87% 13/15 [00:12<00:01,  1.06it/s]/content/drive/MyDrive/Yolo_Object-Detection/yolov5/train.py:412: FutureWarning: `torch.cuda.amp.autocast(args...)` is deprecated. Please use `torch.amp.autocast('cuda', args...)` instead.
  with torch.cuda.amp.autocast(amp):
      20/49      5.52G    0.04153    0.02676   0.008839         93        736:  93% 14/15 [00:12<00:00,  1.32it/s]/content/drive/MyDrive/Yolo_Object-Detection/yolov5/train.py:412: FutureWarning: `torch.cuda.amp.autocast(args...)` is deprecated. Please use `torch.amp.autocast('cuda', args...)` instead.
  with torch.cuda.amp.autocast(amp):
      20/49      5.52G    0.04214    0.02701   0.008923         82        736: 100% 15/15 [00:14<00:00,  1.04it/s]
                 Class     Images  Instances          P          R      mAP50   mAP50-95: 100% 2/2 [00:01<00:00,  1.39it/s]
                   all         59        112       0.63      0.722      0.722      0.396

      Epoch    GPU_mem   box_loss   obj_loss   cls_loss  Instances       Size
  0% 0/15 [00:00<?, ?it/s]/content/drive/MyDrive/Yolo_Object-Detection/yolov5/train.py:412: FutureWarning: `torch.cuda.amp.autocast(args...)` is deprecated. Please use `torch.amp.autocast('cuda', args...)` instead.
  with torch.cuda.amp.autocast(amp):
      21/49      5.52G    0.03976    0.02353   0.008014         69        736:   7% 1/15 [00:00<00:04,  3.36it/s]/content/drive/MyDrive/Yolo_Object-Detection/yolov5/train.py:412: FutureWarning: `torch.cuda.amp.autocast(args...)` is deprecated. Please use `torch.amp.autocast('cuda', args...)` instead.
  with torch.cuda.amp.autocast(amp):
      21/49      5.52G    0.04231    0.02312   0.006032         65        736:  13% 2/15 [00:00<00:03,  3.50it/s]/content/drive/MyDrive/Yolo_Object-Detection/yolov5/train.py:412: FutureWarning: `torch.cuda.amp.autocast(args...)` is deprecated. Please use `torch.amp.autocast('cuda', args...)` instead.
  with torch.cuda.amp.autocast(amp):
      21/49      5.52G    0.03554     0.0236   0.006263         70        736:  20% 3/15 [00:00<00:03,  3.47it/s]/content/drive/MyDrive/Yolo_Object-Detection/yolov5/train.py:412: FutureWarning: `torch.cuda.amp.autocast(args...)` is deprecated. Please use `torch.amp.autocast('cuda', args...)` instead.
  with torch.cuda.amp.autocast(amp):
      21/49      5.52G    0.03536    0.02544    0.00746         81        736:  27% 4/15 [00:01<00:06,  1.80it/s]/content/drive/MyDrive/Yolo_Object-Detection/yolov5/train.py:412: FutureWarning: `torch.cuda.amp.autocast(args...)` is deprecated. Please use `torch.amp.autocast('cuda', args...)` instead.
  with torch.cuda.amp.autocast(amp):
      21/49      5.52G     0.0391    0.02407   0.006588         57        736:  33% 5/15 [00:02<00:05,  1.95it/s]/content/drive/MyDrive/Yolo_Object-Detection/yolov5/train.py:412: FutureWarning: `torch.cuda.amp.autocast(args...)` is deprecated. Please use `torch.amp.autocast('cuda', args...)` instead.
  with torch.cuda.amp.autocast(amp):
      21/49      5.52G    0.03662    0.02304    0.00705         55        736:  40% 6/15 [00:04<00:09,  1.10s/it]/content/drive/MyDrive/Yolo_Object-Detection/yolov5/train.py:412: FutureWarning: `torch.cuda.amp.autocast(args...)` is deprecated. Please use `torch.amp.autocast('cuda', args...)` instead.
  with torch.cuda.amp.autocast(amp):
      21/49      5.52G    0.03474    0.02251   0.006881         59        736:  47% 7/15 [00:04<00:06,  1.18it/s]/content/drive/MyDrive/Yolo_Object-Detection/yolov5/train.py:412: FutureWarning: `torch.cuda.amp.autocast(args...)` is deprecated. Please use `torch.amp.autocast('cuda', args...)` instead.
  with torch.cuda.amp.autocast(amp):
      21/49      5.52G    0.03751    0.02362   0.007524         84        736:  53% 8/15 [00:07<00:09,  1.31s/it]/content/drive/MyDrive/Yolo_Object-Detection/yolov5/train.py:412: FutureWarning: `torch.cuda.amp.autocast(args...)` is deprecated. Please use `torch.amp.autocast('cuda', args...)` instead.
  with torch.cuda.amp.autocast(amp):
      21/49      5.52G    0.03785     0.0242   0.007471         72        736:  60% 9/15 [00:07<00:06,  1.08s/it]/content/drive/MyDrive/Yolo_Object-Detection/yolov5/train.py:412: FutureWarning: `torch.cuda.amp.autocast(args...)` is deprecated. Please use `torch.amp.autocast('cuda', args...)` instead.
  with torch.cuda.amp.autocast(amp):
      21/49      5.52G    0.03636    0.02444   0.007332         72        736:  67% 10/15 [00:10<00:07,  1.47s/it]/content/drive/MyDrive/Yolo_Object-Detection/yolov5/train.py:412: FutureWarning: `torch.cuda.amp.autocast(args...)` is deprecated. Please use `torch.amp.autocast('cuda', args...)` instead.
  with torch.cuda.amp.autocast(amp):
      21/49      5.52G    0.03542    0.02433    0.00711         59        736:  73% 11/15 [00:10<00:04,  1.11s/it]/content/drive/MyDrive/Yolo_Object-Detection/yolov5/train.py:412: FutureWarning: `torch.cuda.amp.autocast(args...)` is deprecated. Please use `torch.amp.autocast('cuda', args...)` instead.
  with torch.cuda.amp.autocast(amp):
      21/49      5.52G     0.0357    0.02482   0.006925         85        736:  80% 12/15 [00:12<00:04,  1.34s/it]/content/drive/MyDrive/Yolo_Object-Detection/yolov5/train.py:412: FutureWarning: `torch.cuda.amp.autocast(args...)` is deprecated. Please use `torch.amp.autocast('cuda', args...)` instead.
  with torch.cuda.amp.autocast(amp):
      21/49      5.52G    0.03568    0.02496   0.007909         75        736:  87% 13/15 [00:12<00:02,  1.04s/it]/content/drive/MyDrive/Yolo_Object-Detection/yolov5/train.py:412: FutureWarning: `torch.cuda.amp.autocast(args...)` is deprecated. Please use `torch.amp.autocast('cuda', args...)` instead.
  with torch.cuda.amp.autocast(amp):
      21/49      5.52G    0.03634    0.02495    0.00785         69        736:  93% 14/15 [00:13<00:01,  1.01s/it]/content/drive/MyDrive/Yolo_Object-Detection/yolov5/train.py:412: FutureWarning: `torch.cuda.amp.autocast(args...)` is deprecated. Please use `torch.amp.autocast('cuda', args...)` instead.
  with torch.cuda.amp.autocast(amp):
      21/49      5.52G    0.03641    0.02498    0.00757         69        736: 100% 15/15 [00:13<00:00,  1.09it/s]
                 Class     Images  Instances          P          R      mAP50   mAP50-95: 100% 2/2 [00:01<00:00,  1.31it/s]
                   all         59        112      0.682      0.754      0.785      0.459

      Epoch    GPU_mem   box_loss   obj_loss   cls_loss  Instances       Size
  0% 0/15 [00:00<?, ?it/s]/content/drive/MyDrive/Yolo_Object-Detection/yolov5/train.py:412: FutureWarning: `torch.cuda.amp.autocast(args...)` is deprecated. Please use `torch.amp.autocast('cuda', args...)` instead.
  with torch.cuda.amp.autocast(amp):
      22/49      5.52G    0.04993    0.02874    0.01204         74        736:   7% 1/15 [00:00<00:04,  3.03it/s]/content/drive/MyDrive/Yolo_Object-Detection/yolov5/train.py:412: FutureWarning: `torch.cuda.amp.autocast(args...)` is deprecated. Please use `torch.amp.autocast('cuda', args...)` instead.
  with torch.cuda.amp.autocast(amp):
      22/49      5.52G    0.03653    0.02729   0.007885         72        736:  13% 2/15 [00:00<00:04,  3.17it/s]/content/drive/MyDrive/Yolo_Object-Detection/yolov5/train.py:412: FutureWarning: `torch.cuda.amp.autocast(args...)` is deprecated. Please use `torch.amp.autocast('cuda', args...)` instead.
  with torch.cuda.amp.autocast(amp):
      22/49      5.52G    0.03638     0.0272    0.00735         83        736:  20% 3/15 [00:01<00:05,  2.30it/s]/content/drive/MyDrive/Yolo_Object-Detection/yolov5/train.py:412: FutureWarning: `torch.cuda.amp.autocast(args...)` is deprecated. Please use `torch.amp.autocast('cuda', args...)` instead.
  with torch.cuda.amp.autocast(amp):
      22/49      5.52G    0.04103    0.02723   0.007472         72        736:  27% 4/15 [00:01<00:04,  2.61it/s]/content/drive/MyDrive/Yolo_Object-Detection/yolov5/train.py:412: FutureWarning: `torch.cuda.amp.autocast(args...)` is deprecated. Please use `torch.amp.autocast('cuda', args...)` instead.
  with torch.cuda.amp.autocast(amp):
      22/49      5.52G    0.04092     0.0276   0.006852         79        736:  33% 5/15 [00:03<00:08,  1.22it/s]/content/drive/MyDrive/Yolo_Object-Detection/yolov5/train.py:412: FutureWarning: `torch.cuda.amp.autocast(args...)` is deprecated. Please use `torch.amp.autocast('cuda', args...)` instead.
  with torch.cuda.amp.autocast(amp):
      22/49      5.52G    0.03934    0.02722   0.006718         71        736:  40% 6/15 [00:03<00:05,  1.52it/s]/content/drive/MyDrive/Yolo_Object-Detection/yolov5/train.py:412: FutureWarning: `torch.cuda.amp.autocast(args...)` is deprecated. Please use `torch.amp.autocast('cuda', args...)` instead.
  with torch.cuda.amp.autocast(amp):
      22/49      5.52G    0.03938    0.02681   0.006719         67        736:  47% 7/15 [00:04<00:07,  1.10it/s]/content/drive/MyDrive/Yolo_Object-Detection/yolov5/train.py:412: FutureWarning: `torch.cuda.amp.autocast(args...)` is deprecated. Please use `torch.amp.autocast('cuda', args...)` instead.
  with torch.cuda.amp.autocast(amp):
      22/49      5.52G    0.04023    0.02855   0.006709        101        736:  53% 8/15 [00:05<00:05,  1.38it/s]/content/drive/MyDrive/Yolo_Object-Detection/yolov5/train.py:412: FutureWarning: `torch.cuda.amp.autocast(args...)` is deprecated. Please use `torch.amp.autocast('cuda', args...)` instead.
  with torch.cuda.amp.autocast(amp):
      22/49      5.52G    0.04139    0.02896   0.007107         83        736:  60% 9/15 [00:07<00:07,  1.33s/it]/content/drive/MyDrive/Yolo_Object-Detection/yolov5/train.py:412: FutureWarning: `torch.cuda.amp.autocast(args...)` is deprecated. Please use `torch.amp.autocast('cuda', args...)` instead.
  with torch.cuda.amp.autocast(amp):
      22/49      5.52G     0.0422    0.02861   0.006784         76        736:  67% 10/15 [00:08<00:05,  1.05s/it]/content/drive/MyDrive/Yolo_Object-Detection/yolov5/train.py:412: FutureWarning: `torch.cuda.amp.autocast(args...)` is deprecated. Please use `torch.amp.autocast('cuda', args...)` instead.
  with torch.cuda.amp.autocast(amp):
      22/49      5.52G    0.04253    0.02841   0.006782         77        736:  73% 11/15 [00:10<00:05,  1.36s/it]/content/drive/MyDrive/Yolo_Object-Detection/yolov5/train.py:412: FutureWarning: `torch.cuda.amp.autocast(args...)` is deprecated. Please use `torch.amp.autocast('cuda', args...)` instead.
  with torch.cuda.amp.autocast(amp):
      22/49      5.52G    0.04283    0.02821   0.006659         72        736:  80% 12/15 [00:10<00:03,  1.05s/it]/content/drive/MyDrive/Yolo_Object-Detection/yolov5/train.py:412: FutureWarning: `torch.cuda.amp.autocast(args...)` is deprecated. Please use `torch.amp.autocast('cuda', args...)` instead.
  with torch.cuda.amp.autocast(amp):
      22/49      5.52G    0.04315     0.0289   0.006437         98        736:  87% 13/15 [00:12<00:02,  1.40s/it]/content/drive/MyDrive/Yolo_Object-Detection/yolov5/train.py:412: FutureWarning: `torch.cuda.amp.autocast(args...)` is deprecated. Please use `torch.amp.autocast('cuda', args...)` instead.
  with torch.cuda.amp.autocast(amp):
      22/49      5.52G      0.043    0.02886   0.006235         88        736:  93% 14/15 [00:13<00:01,  1.09s/it]/content/drive/MyDrive/Yolo_Object-Detection/yolov5/train.py:412: FutureWarning: `torch.cuda.amp.autocast(args...)` is deprecated. Please use `torch.amp.autocast('cuda', args...)` instead.
  with torch.cuda.amp.autocast(amp):
      22/49      5.52G    0.04196     0.0285    0.00627         68        736: 100% 15/15 [00:14<00:00,  1.06it/s]
                 Class     Images  Instances          P          R      mAP50   mAP50-95: 100% 2/2 [00:00<00:00,  2.14it/s]
                   all         59        112      0.643       0.78      0.731       0.43

      Epoch    GPU_mem   box_loss   obj_loss   cls_loss  Instances       Size
  0% 0/15 [00:00<?, ?it/s]/content/drive/MyDrive/Yolo_Object-Detection/yolov5/train.py:412: FutureWarning: `torch.cuda.amp.autocast(args...)` is deprecated. Please use `torch.amp.autocast('cuda', args...)` instead.
  with torch.cuda.amp.autocast(amp):
      23/49      5.52G    0.04926    0.02924   0.003652         84        736:   7% 1/15 [00:00<00:04,  3.22it/s]/content/drive/MyDrive/Yolo_Object-Detection/yolov5/train.py:412: FutureWarning: `torch.cuda.amp.autocast(args...)` is deprecated. Please use `torch.amp.autocast('cuda', args...)` instead.
  with torch.cuda.amp.autocast(amp):
      23/49      5.52G    0.04695    0.03017   0.004762         81        736:  13% 2/15 [00:00<00:03,  3.28it/s]/content/drive/MyDrive/Yolo_Object-Detection/yolov5/train.py:412: FutureWarning: `torch.cuda.amp.autocast(args...)` is deprecated. Please use `torch.amp.autocast('cuda', args...)` instead.
  with torch.cuda.amp.autocast(amp):
      23/49      5.52G    0.04584    0.02987   0.004535         86        736:  20% 3/15 [00:00<00:03,  3.28it/s]/content/drive/MyDrive/Yolo_Object-Detection/yolov5/train.py:412: FutureWarning: `torch.cuda.amp.autocast(args...)` is deprecated. Please use `torch.amp.autocast('cuda', args...)` instead.
  with torch.cuda.amp.autocast(amp):
      23/49      5.52G    0.04515    0.02715   0.004107         58        736:  27% 4/15 [00:01<00:04,  2.60it/s]/content/drive/MyDrive/Yolo_Object-Detection/yolov5/train.py:412: FutureWarning: `torch.cuda.amp.autocast(args...)` is deprecated. Please use `torch.amp.autocast('cuda', args...)` instead.
  with torch.cuda.amp.autocast(amp):
      23/49      5.52G    0.04522    0.02664   0.005185         69        736:  33% 5/15 [00:02<00:04,  2.18it/s]/content/drive/MyDrive/Yolo_Object-Detection/yolov5/train.py:412: FutureWarning: `torch.cuda.amp.autocast(args...)` is deprecated. Please use `torch.amp.autocast('cuda', args...)` instead.
  with torch.cuda.amp.autocast(amp):
      23/49      5.52G    0.04154    0.02663   0.005259         67        736:  40% 6/15 [00:03<00:05,  1.54it/s]/content/drive/MyDrive/Yolo_Object-Detection/yolov5/train.py:412: FutureWarning: `torch.cuda.amp.autocast(args...)` is deprecated. Please use `torch.amp.autocast('cuda', args...)` instead.
  with torch.cuda.amp.autocast(amp):
      23/49      5.52G     0.0408    0.02788   0.006121         99        736:  47% 7/15 [00:03<00:05,  1.37it/s]/content/drive/MyDrive/Yolo_Object-Detection/yolov5/train.py:412: FutureWarning: `torch.cuda.amp.autocast(args...)` is deprecated. Please use `torch.amp.autocast('cuda', args...)` instead.
  with torch.cuda.amp.autocast(amp):
      23/49      5.52G    0.04384    0.02781   0.005736         77        736:  53% 8/15 [00:04<00:05,  1.39it/s]/content/drive/MyDrive/Yolo_Object-Detection/yolov5/train.py:412: FutureWarning: `torch.cuda.amp.autocast(args...)` is deprecated. Please use `torch.amp.autocast('cuda', args...)` instead.
  with torch.cuda.amp.autocast(amp):
      23/49      5.52G    0.04164    0.02728   0.005654         71        736:  60% 9/15 [00:05<00:04,  1.46it/s]/content/drive/MyDrive/Yolo_Object-Detection/yolov5/train.py:412: FutureWarning: `torch.cuda.amp.autocast(args...)` is deprecated. Please use `torch.amp.autocast('cuda', args...)` instead.
  with torch.cuda.amp.autocast(amp):
      23/49      5.52G    0.04225    0.02689   0.006389         62        736:  67% 10/15 [00:06<00:03,  1.29it/s]/content/drive/MyDrive/Yolo_Object-Detection/yolov5/train.py:412: FutureWarning: `torch.cuda.amp.autocast(args...)` is deprecated. Please use `torch.amp.autocast('cuda', args...)` instead.
  with torch.cuda.amp.autocast(amp):
      23/49      5.52G    0.04161    0.02696   0.006026         82        736:  73% 11/15 [00:07<00:03,  1.00it/s]/content/drive/MyDrive/Yolo_Object-Detection/yolov5/train.py:412: FutureWarning: `torch.cuda.amp.autocast(args...)` is deprecated. Please use `torch.amp.autocast('cuda', args...)` instead.
  with torch.cuda.amp.autocast(amp):
      23/49      5.52G    0.04153    0.02674   0.006511         70        736:  80% 12/15 [00:08<00:03,  1.08s/it]/content/drive/MyDrive/Yolo_Object-Detection/yolov5/train.py:412: FutureWarning: `torch.cuda.amp.autocast(args...)` is deprecated. Please use `torch.amp.autocast('cuda', args...)` instead.
  with torch.cuda.amp.autocast(amp):
      23/49      5.52G    0.04029    0.02677   0.006295         77        736:  87% 13/15 [00:10<00:02,  1.24s/it]/content/drive/MyDrive/Yolo_Object-Detection/yolov5/train.py:412: FutureWarning: `torch.cuda.amp.autocast(args...)` is deprecated. Please use `torch.amp.autocast('cuda', args...)` instead.
  with torch.cuda.amp.autocast(amp):
      23/49      5.52G    0.04055    0.02716    0.00654         89        736:  93% 14/15 [00:11<00:01,  1.11s/it]/content/drive/MyDrive/Yolo_Object-Detection/yolov5/train.py:412: FutureWarning: `torch.cuda.amp.autocast(args...)` is deprecated. Please use `torch.amp.autocast('cuda', args...)` instead.
  with torch.cuda.amp.autocast(amp):
      23/49      5.52G    0.04058    0.02732   0.006441         81        736: 100% 15/15 [00:13<00:00,  1.14it/s]
                 Class     Images  Instances          P          R      mAP50   mAP50-95: 100% 2/2 [00:02<00:00,  1.22s/it]
                   all         59        112      0.857      0.786      0.849      0.529

      Epoch    GPU_mem   box_loss   obj_loss   cls_loss  Instances       Size
  0% 0/15 [00:00<?, ?it/s]/content/drive/MyDrive/Yolo_Object-Detection/yolov5/train.py:412: FutureWarning: `torch.cuda.amp.autocast(args...)` is deprecated. Please use `torch.amp.autocast('cuda', args...)` instead.
  with torch.cuda.amp.autocast(amp):
      24/49      5.52G    0.04157    0.02763   0.007499         76        736:   7% 1/15 [00:00<00:04,  2.80it/s]/content/drive/MyDrive/Yolo_Object-Detection/yolov5/train.py:412: FutureWarning: `torch.cuda.amp.autocast(args...)` is deprecated. Please use `torch.amp.autocast('cuda', args...)` instead.
  with torch.cuda.amp.autocast(amp):
      24/49      5.52G     0.0312    0.02468   0.006657         63        736:  13% 2/15 [00:00<00:04,  3.21it/s]/content/drive/MyDrive/Yolo_Object-Detection/yolov5/train.py:412: FutureWarning: `torch.cuda.amp.autocast(args...)` is deprecated. Please use `torch.amp.autocast('cuda', args...)` instead.
  with torch.cuda.amp.autocast(amp):
      24/49      5.52G    0.03914    0.02453   0.007988         72        736:  20% 3/15 [00:00<00:03,  3.25it/s]/content/drive/MyDrive/Yolo_Object-Detection/yolov5/train.py:412: FutureWarning: `torch.cuda.amp.autocast(args...)` is deprecated. Please use `torch.amp.autocast('cuda', args...)` instead.
  with torch.cuda.amp.autocast(amp):
      24/49      5.52G    0.04277    0.02489    0.00961         75        736:  27% 4/15 [00:01<00:03,  3.17it/s]/content/drive/MyDrive/Yolo_Object-Detection/yolov5/train.py:412: FutureWarning: `torch.cuda.amp.autocast(args...)` is deprecated. Please use `torch.amp.autocast('cuda', args...)` instead.
  with torch.cuda.amp.autocast(amp):
      24/49      5.52G    0.03866    0.02344   0.008665         53        736:  33% 5/15 [00:02<00:04,  2.13it/s]/content/drive/MyDrive/Yolo_Object-Detection/yolov5/train.py:412: FutureWarning: `torch.cuda.amp.autocast(args...)` is deprecated. Please use `torch.amp.autocast('cuda', args...)` instead.
  with torch.cuda.amp.autocast(amp):
      24/49      5.52G    0.03946    0.02378   0.008445         70        736:  40% 6/15 [00:02<00:05,  1.75it/s]/content/drive/MyDrive/Yolo_Object-Detection/yolov5/train.py:412: FutureWarning: `torch.cuda.amp.autocast(args...)` is deprecated. Please use `torch.amp.autocast('cuda', args...)` instead.
  with torch.cuda.amp.autocast(amp):
      24/49      5.52G    0.04082    0.02412   0.009616         77        736:  47% 7/15 [00:03<00:04,  1.67it/s]/content/drive/MyDrive/Yolo_Object-Detection/yolov5/train.py:412: FutureWarning: `torch.cuda.amp.autocast(args...)` is deprecated. Please use `torch.amp.autocast('cuda', args...)` instead.
  with torch.cuda.amp.autocast(amp):
      24/49      5.52G    0.04089     0.0249   0.009176         72        736:  53% 8/15 [00:04<00:04,  1.49it/s]/content/drive/MyDrive/Yolo_Object-Detection/yolov5/train.py:412: FutureWarning: `torch.cuda.amp.autocast(args...)` is deprecated. Please use `torch.amp.autocast('cuda', args...)` instead.
  with torch.cuda.amp.autocast(amp):
      24/49      5.52G    0.04163    0.02543   0.008968         86        736:  60% 9/15 [00:04<00:03,  1.61it/s]/content/drive/MyDrive/Yolo_Object-Detection/yolov5/train.py:412: FutureWarning: `torch.cuda.amp.autocast(args...)` is deprecated. Please use `torch.amp.autocast('cuda', args...)` instead.
  with torch.cuda.amp.autocast(amp):
      24/49      5.52G    0.04176    0.02559   0.008803         78        736:  67% 10/15 [00:05<00:03,  1.43it/s]/content/drive/MyDrive/Yolo_Object-Detection/yolov5/train.py:412: FutureWarning: `torch.cuda.amp.autocast(args...)` is deprecated. Please use `torch.amp.autocast('cuda', args...)` instead.
  with torch.cuda.amp.autocast(amp):
      24/49      5.52G    0.04116    0.02531    0.00851         63        736:  73% 11/15 [00:06<00:02,  1.59it/s]/content/drive/MyDrive/Yolo_Object-Detection/yolov5/train.py:412: FutureWarning: `torch.cuda.amp.autocast(args...)` is deprecated. Please use `torch.amp.autocast('cuda', args...)` instead.
  with torch.cuda.amp.autocast(amp):
      24/49      5.52G    0.04106    0.02542   0.008159         70        736:  80% 12/15 [00:08<00:03,  1.16s/it]/content/drive/MyDrive/Yolo_Object-Detection/yolov5/train.py:412: FutureWarning: `torch.cuda.amp.autocast(args...)` is deprecated. Please use `torch.amp.autocast('cuda', args...)` instead.
  with torch.cuda.amp.autocast(amp):
      24/49      5.52G    0.04135    0.02537   0.008036         71        736:  87% 13/15 [00:08<00:01,  1.10it/s]/content/drive/MyDrive/Yolo_Object-Detection/yolov5/train.py:412: FutureWarning: `torch.cuda.amp.autocast(args...)` is deprecated. Please use `torch.amp.autocast('cuda', args...)` instead.
  with torch.cuda.amp.autocast(amp):
      24/49      5.52G    0.04134    0.02521   0.007703         66        736:  93% 14/15 [00:10<00:01,  1.19s/it]/content/drive/MyDrive/Yolo_Object-Detection/yolov5/train.py:412: FutureWarning: `torch.cuda.amp.autocast(args...)` is deprecated. Please use `torch.amp.autocast('cuda', args...)` instead.
  with torch.cuda.amp.autocast(amp):
      24/49      5.52G       0.04    0.02515   0.007857         65        736: 100% 15/15 [00:11<00:00,  1.32it/s]
                 Class     Images  Instances          P          R      mAP50   mAP50-95: 100% 2/2 [00:02<00:00,  1.24s/it]
                   all         59        112      0.834      0.725      0.813      0.488

      Epoch    GPU_mem   box_loss   obj_loss   cls_loss  Instances       Size
  0% 0/15 [00:00<?, ?it/s]/content/drive/MyDrive/Yolo_Object-Detection/yolov5/train.py:412: FutureWarning: `torch.cuda.amp.autocast(args...)` is deprecated. Please use `torch.amp.autocast('cuda', args...)` instead.
  with torch.cuda.amp.autocast(amp):
      25/49      5.52G    0.02342     0.0281    0.00214         78        736:   7% 1/15 [00:00<00:05,  2.57it/s]/content/drive/MyDrive/Yolo_Object-Detection/yolov5/train.py:412: FutureWarning: `torch.cuda.amp.autocast(args...)` is deprecated. Please use `torch.amp.autocast('cuda', args...)` instead.
  with torch.cuda.amp.autocast(amp):
      25/49      5.52G    0.02638    0.02787   0.003315         82        736:  13% 2/15 [00:00<00:04,  2.97it/s]/content/drive/MyDrive/Yolo_Object-Detection/yolov5/train.py:412: FutureWarning: `torch.cuda.amp.autocast(args...)` is deprecated. Please use `torch.amp.autocast('cuda', args...)` instead.
  with torch.cuda.amp.autocast(amp):
      25/49      5.52G    0.03288    0.02822   0.004219         77        736:  20% 3/15 [00:01<00:07,  1.67it/s]/content/drive/MyDrive/Yolo_Object-Detection/yolov5/train.py:412: FutureWarning: `torch.cuda.amp.autocast(args...)` is deprecated. Please use `torch.amp.autocast('cuda', args...)` instead.
  with torch.cuda.amp.autocast(amp):
      25/49      5.52G    0.03723    0.02688   0.003873         70        736:  27% 4/15 [00:01<00:05,  2.07it/s]/content/drive/MyDrive/Yolo_Object-Detection/yolov5/train.py:412: FutureWarning: `torch.cuda.amp.autocast(args...)` is deprecated. Please use `torch.amp.autocast('cuda', args...)` instead.
  with torch.cuda.amp.autocast(amp):
      25/49      5.52G    0.03629    0.02646   0.003762         75        736:  33% 5/15 [00:03<00:07,  1.37it/s]/content/drive/MyDrive/Yolo_Object-Detection/yolov5/train.py:412: FutureWarning: `torch.cuda.amp.autocast(args...)` is deprecated. Please use `torch.amp.autocast('cuda', args...)` instead.
  with torch.cuda.amp.autocast(amp):
      25/49      5.52G    0.03699    0.02637   0.004122         80        736:  40% 6/15 [00:03<00:05,  1.73it/s]/content/drive/MyDrive/Yolo_Object-Detection/yolov5/train.py:412: FutureWarning: `torch.cuda.amp.autocast(args...)` is deprecated. Please use `torch.amp.autocast('cuda', args...)` instead.
  with torch.cuda.amp.autocast(amp):
      25/49      5.52G     0.0384    0.02624    0.00383         74        736:  47% 7/15 [00:04<00:05,  1.34it/s]/content/drive/MyDrive/Yolo_Object-Detection/yolov5/train.py:412: FutureWarning: `torch.cuda.amp.autocast(args...)` is deprecated. Please use `torch.amp.autocast('cuda', args...)` instead.
  with torch.cuda.amp.autocast(amp):
      25/49      5.52G    0.03846    0.02615   0.003989         75        736:  53% 8/15 [00:04<00:04,  1.66it/s]/content/drive/MyDrive/Yolo_Object-Detection/yolov5/train.py:412: FutureWarning: `torch.cuda.amp.autocast(args...)` is deprecated. Please use `torch.amp.autocast('cuda', args...)` instead.
  with torch.cuda.amp.autocast(amp):
      25/49      5.52G    0.03664    0.02585   0.004027         68        736:  60% 9/15 [00:06<00:05,  1.10it/s]/content/drive/MyDrive/Yolo_Object-Detection/yolov5/train.py:412: FutureWarning: `torch.cuda.amp.autocast(args...)` is deprecated. Please use `torch.amp.autocast('cuda', args...)` instead.
  with torch.cuda.amp.autocast(amp):
      25/49      5.52G    0.03762    0.02563   0.004023         70        736:  67% 10/15 [00:06<00:03,  1.34it/s]/content/drive/MyDrive/Yolo_Object-Detection/yolov5/train.py:412: FutureWarning: `torch.cuda.amp.autocast(args...)` is deprecated. Please use `torch.amp.autocast('cuda', args...)` instead.
  with torch.cuda.amp.autocast(amp):
      25/49      5.52G    0.03731    0.02504   0.004251         52        736:  73% 11/15 [00:07<00:03,  1.12it/s]/content/drive/MyDrive/Yolo_Object-Detection/yolov5/train.py:412: FutureWarning: `torch.cuda.amp.autocast(args...)` is deprecated. Please use `torch.amp.autocast('cuda', args...)` instead.
  with torch.cuda.amp.autocast(amp):
      25/49      5.52G    0.03829    0.02454   0.004267         58        736:  80% 12/15 [00:08<00:02,  1.42it/s]/content/drive/MyDrive/Yolo_Object-Detection/yolov5/train.py:412: FutureWarning: `torch.cuda.amp.autocast(args...)` is deprecated. Please use `torch.amp.autocast('cuda', args...)` instead.
  with torch.cuda.amp.autocast(amp):
      25/49      5.52G    0.03981    0.02454    0.00447         76        736:  87% 13/15 [00:09<00:02,  1.02s/it]/content/drive/MyDrive/Yolo_Object-Detection/yolov5/train.py:412: FutureWarning: `torch.cuda.amp.autocast(args...)` is deprecated. Please use `torch.amp.autocast('cuda', args...)` instead.
  with torch.cuda.amp.autocast(amp):
      25/49      5.52G    0.03944     0.0247   0.004799         77        736:  93% 14/15 [00:10<00:00,  1.25it/s]/content/drive/MyDrive/Yolo_Object-Detection/yolov5/train.py:412: FutureWarning: `torch.cuda.amp.autocast(args...)` is deprecated. Please use `torch.amp.autocast('cuda', args...)` instead.
  with torch.cuda.amp.autocast(amp):
      25/49      5.52G    0.03958    0.02496   0.004928         85        736: 100% 15/15 [00:12<00:00,  1.23it/s]
                 Class     Images  Instances          P          R      mAP50   mAP50-95: 100% 2/2 [00:02<00:00,  1.09s/it]
                   all         59        112      0.826      0.806      0.843      0.568

      Epoch    GPU_mem   box_loss   obj_loss   cls_loss  Instances       Size
  0% 0/15 [00:00<?, ?it/s]/content/drive/MyDrive/Yolo_Object-Detection/yolov5/train.py:412: FutureWarning: `torch.cuda.amp.autocast(args...)` is deprecated. Please use `torch.amp.autocast('cuda', args...)` instead.
  with torch.cuda.amp.autocast(amp):
      26/49      5.52G    0.04425    0.02866   0.004308         78        736:   7% 1/15 [00:00<00:05,  2.38it/s]/content/drive/MyDrive/Yolo_Object-Detection/yolov5/train.py:412: FutureWarning: `torch.cuda.amp.autocast(args...)` is deprecated. Please use `torch.amp.autocast('cuda', args...)` instead.
  with torch.cuda.amp.autocast(amp):
      26/49      5.52G    0.04602    0.02532   0.005084         62        736:  13% 2/15 [00:00<00:05,  2.22it/s]/content/drive/MyDrive/Yolo_Object-Detection/yolov5/train.py:412: FutureWarning: `torch.cuda.amp.autocast(args...)` is deprecated. Please use `torch.amp.autocast('cuda', args...)` instead.
  with torch.cuda.amp.autocast(amp):
      26/49      5.52G    0.04444    0.02357   0.004482         63        736:  20% 3/15 [00:01<00:05,  2.36it/s]/content/drive/MyDrive/Yolo_Object-Detection/yolov5/train.py:412: FutureWarning: `torch.cuda.amp.autocast(args...)` is deprecated. Please use `torch.amp.autocast('cuda', args...)` instead.
  with torch.cuda.amp.autocast(amp):
      26/49      5.52G    0.04461    0.02486   0.007012         87        736:  27% 4/15 [00:01<00:05,  1.95it/s]/content/drive/MyDrive/Yolo_Object-Detection/yolov5/train.py:412: FutureWarning: `torch.cuda.amp.autocast(args...)` is deprecated. Please use `torch.amp.autocast('cuda', args...)` instead.
  with torch.cuda.amp.autocast(amp):
      26/49      5.52G    0.04426    0.02617   0.006062         84        736:  33% 5/15 [00:02<00:05,  1.70it/s]/content/drive/MyDrive/Yolo_Object-Detection/yolov5/train.py:412: FutureWarning: `torch.cuda.amp.autocast(args...)` is deprecated. Please use `torch.amp.autocast('cuda', args...)` instead.
  with torch.cuda.amp.autocast(amp):
      26/49      5.52G    0.04626    0.02551   0.005773         62        736:  40% 6/15 [00:03<00:05,  1.60it/s]/content/drive/MyDrive/Yolo_Object-Detection/yolov5/train.py:412: FutureWarning: `torch.cuda.amp.autocast(args...)` is deprecated. Please use `torch.amp.autocast('cuda', args...)` instead.
  with torch.cuda.amp.autocast(amp):
      26/49      5.52G    0.04418    0.02465   0.005554         58        736:  47% 7/15 [00:04<00:05,  1.50it/s]/content/drive/MyDrive/Yolo_Object-Detection/yolov5/train.py:412: FutureWarning: `torch.cuda.amp.autocast(args...)` is deprecated. Please use `torch.amp.autocast('cuda', args...)` instead.
  with torch.cuda.amp.autocast(amp):
      26/49      5.52G    0.04139    0.02403   0.005327         61        736:  53% 8/15 [00:05<00:05,  1.32it/s]/content/drive/MyDrive/Yolo_Object-Detection/yolov5/train.py:412: FutureWarning: `torch.cuda.amp.autocast(args...)` is deprecated. Please use `torch.amp.autocast('cuda', args...)` instead.
  with torch.cuda.amp.autocast(amp):
      26/49      5.52G    0.04288    0.02436   0.006192         76        736:  60% 9/15 [00:05<00:04,  1.46it/s]/content/drive/MyDrive/Yolo_Object-Detection/yolov5/train.py:412: FutureWarning: `torch.cuda.amp.autocast(args...)` is deprecated. Please use `torch.amp.autocast('cuda', args...)` instead.
  with torch.cuda.amp.autocast(amp):
      26/49      5.52G     0.0418    0.02384   0.005748         61        736:  67% 10/15 [00:06<00:03,  1.34it/s]/content/drive/MyDrive/Yolo_Object-Detection/yolov5/train.py:412: FutureWarning: `torch.cuda.amp.autocast(args...)` is deprecated. Please use `torch.amp.autocast('cuda', args...)` instead.
  with torch.cuda.amp.autocast(amp):
      26/49      5.52G    0.04113    0.02437   0.005428         86        736:  73% 11/15 [00:07<00:02,  1.42it/s]/content/drive/MyDrive/Yolo_Object-Detection/yolov5/train.py:412: FutureWarning: `torch.cuda.amp.autocast(args...)` is deprecated. Please use `torch.amp.autocast('cuda', args...)` instead.
  with torch.cuda.amp.autocast(amp):
      26/49      5.52G    0.04184    0.02474    0.00531         79        736:  80% 12/15 [00:08<00:02,  1.14it/s]/content/drive/MyDrive/Yolo_Object-Detection/yolov5/train.py:412: FutureWarning: `torch.cuda.amp.autocast(args...)` is deprecated. Please use `torch.amp.autocast('cuda', args...)` instead.
  with torch.cuda.amp.autocast(amp):
      26/49      5.52G    0.04202    0.02483   0.005312         75        736:  87% 13/15 [00:08<00:01,  1.28it/s]/content/drive/MyDrive/Yolo_Object-Detection/yolov5/train.py:412: FutureWarning: `torch.cuda.amp.autocast(args...)` is deprecated. Please use `torch.amp.autocast('cuda', args...)` instead.
  with torch.cuda.amp.autocast(amp):
      26/49      5.52G    0.04194    0.02481   0.006605         70        736:  93% 14/15 [00:10<00:00,  1.12it/s]/content/drive/MyDrive/Yolo_Object-Detection/yolov5/train.py:412: FutureWarning: `torch.cuda.amp.autocast(args...)` is deprecated. Please use `torch.amp.autocast('cuda', args...)` instead.
  with torch.cuda.amp.autocast(amp):
      26/49      5.52G    0.04189    0.02502   0.006357         78        736: 100% 15/15 [00:10<00:00,  1.45it/s]
                 Class     Images  Instances          P          R      mAP50   mAP50-95: 100% 2/2 [00:01<00:00,  1.85it/s]
                   all         59        112      0.818      0.855      0.864      0.566

      Epoch    GPU_mem   box_loss   obj_loss   cls_loss  Instances       Size
  0% 0/15 [00:00<?, ?it/s]/content/drive/MyDrive/Yolo_Object-Detection/yolov5/train.py:412: FutureWarning: `torch.cuda.amp.autocast(args...)` is deprecated. Please use `torch.amp.autocast('cuda', args...)` instead.
  with torch.cuda.amp.autocast(amp):
      27/49      5.52G     0.0466    0.02888   0.002477         84        736:   7% 1/15 [00:00<00:05,  2.66it/s]/content/drive/MyDrive/Yolo_Object-Detection/yolov5/train.py:412: FutureWarning: `torch.cuda.amp.autocast(args...)` is deprecated. Please use `torch.amp.autocast('cuda', args...)` instead.
  with torch.cuda.amp.autocast(amp):
      27/49      5.52G    0.04667     0.0252   0.002911         66        736:  13% 2/15 [00:00<00:04,  2.77it/s]/content/drive/MyDrive/Yolo_Object-Detection/yolov5/train.py:412: FutureWarning: `torch.cuda.amp.autocast(args...)` is deprecated. Please use `torch.amp.autocast('cuda', args...)` instead.
  with torch.cuda.amp.autocast(amp):
      27/49      5.52G    0.04625    0.02625   0.003284         76        736:  20% 3/15 [00:02<00:12,  1.06s/it]/content/drive/MyDrive/Yolo_Object-Detection/yolov5/train.py:412: FutureWarning: `torch.cuda.amp.autocast(args...)` is deprecated. Please use `torch.amp.autocast('cuda', args...)` instead.
  with torch.cuda.amp.autocast(amp):
      27/49      5.52G    0.04437    0.02872   0.003827         95        736:  27% 4/15 [00:03<00:09,  1.16it/s]/content/drive/MyDrive/Yolo_Object-Detection/yolov5/train.py:412: FutureWarning: `torch.cuda.amp.autocast(args...)` is deprecated. Please use `torch.amp.autocast('cuda', args...)` instead.
  with torch.cuda.amp.autocast(amp):
      27/49      5.52G    0.04561    0.02735   0.004748         61        736:  33% 5/15 [00:06<00:15,  1.60s/it]/content/drive/MyDrive/Yolo_Object-Detection/yolov5/train.py:412: FutureWarning: `torch.cuda.amp.autocast(args...)` is deprecated. Please use `torch.amp.autocast('cuda', args...)` instead.
  with torch.cuda.amp.autocast(amp):
      27/49      5.52G    0.04466    0.02677   0.004653         73        736:  40% 6/15 [00:06<00:10,  1.17s/it]/content/drive/MyDrive/Yolo_Object-Detection/yolov5/train.py:412: FutureWarning: `torch.cuda.amp.autocast(args...)` is deprecated. Please use `torch.amp.autocast('cuda', args...)` instead.
  with torch.cuda.amp.autocast(amp):
      27/49      5.52G    0.04433    0.02725   0.004747         84        736:  47% 7/15 [00:08<00:11,  1.42s/it]/content/drive/MyDrive/Yolo_Object-Detection/yolov5/train.py:412: FutureWarning: `torch.cuda.amp.autocast(args...)` is deprecated. Please use `torch.amp.autocast('cuda', args...)` instead.
  with torch.cuda.amp.autocast(amp):
      27/49      5.52G    0.04151     0.0265   0.004491         64        736:  53% 8/15 [00:08<00:07,  1.05s/it]/content/drive/MyDrive/Yolo_Object-Detection/yolov5/train.py:412: FutureWarning: `torch.cuda.amp.autocast(args...)` is deprecated. Please use `torch.amp.autocast('cuda', args...)` instead.
  with torch.cuda.amp.autocast(amp):
      27/49      5.52G    0.04261    0.02675    0.00446         75        736:  60% 9/15 [00:09<00:06,  1.08s/it]/content/drive/MyDrive/Yolo_Object-Detection/yolov5/train.py:412: FutureWarning: `torch.cuda.amp.autocast(args...)` is deprecated. Please use `torch.amp.autocast('cuda', args...)` instead.
  with torch.cuda.amp.autocast(amp):
      27/49      5.52G    0.04273    0.02696    0.00438         78        736:  67% 10/15 [00:10<00:04,  1.20it/s]/content/drive/MyDrive/Yolo_Object-Detection/yolov5/train.py:412: FutureWarning: `torch.cuda.amp.autocast(args...)` is deprecated. Please use `torch.amp.autocast('cuda', args...)` instead.
  with torch.cuda.amp.autocast(amp):
      27/49      5.52G    0.04275    0.02642   0.004475         61        736:  73% 11/15 [00:11<00:03,  1.04it/s]/content/drive/MyDrive/Yolo_Object-Detection/yolov5/train.py:412: FutureWarning: `torch.cuda.amp.autocast(args...)` is deprecated. Please use `torch.amp.autocast('cuda', args...)` instead.
  with torch.cuda.amp.autocast(amp):
      27/49      5.52G    0.04283    0.02608   0.004579         72        736:  80% 12/15 [00:11<00:02,  1.31it/s]/content/drive/MyDrive/Yolo_Object-Detection/yolov5/train.py:412: FutureWarning: `torch.cuda.amp.autocast(args...)` is deprecated. Please use `torch.amp.autocast('cuda', args...)` instead.
  with torch.cuda.amp.autocast(amp):
      27/49      5.52G    0.04242    0.02559   0.004646         65        736:  87% 13/15 [00:12<00:01,  1.14it/s]/content/drive/MyDrive/Yolo_Object-Detection/yolov5/train.py:412: FutureWarning: `torch.cuda.amp.autocast(args...)` is deprecated. Please use `torch.amp.autocast('cuda', args...)` instead.
  with torch.cuda.amp.autocast(amp):
      27/49      5.52G    0.04223     0.0257   0.004577         85        736:  93% 14/15 [00:13<00:00,  1.41it/s]/content/drive/MyDrive/Yolo_Object-Detection/yolov5/train.py:412: FutureWarning: `torch.cuda.amp.autocast(args...)` is deprecated. Please use `torch.amp.autocast('cuda', args...)` instead.
  with torch.cuda.amp.autocast(amp):
      27/49      5.52G    0.04206    0.02591   0.004563         86        736: 100% 15/15 [00:14<00:00,  1.03it/s]
                 Class     Images  Instances          P          R      mAP50   mAP50-95: 100% 2/2 [00:01<00:00,  1.65it/s]
                   all         59        112      0.824      0.848      0.871      0.547

      Epoch    GPU_mem   box_loss   obj_loss   cls_loss  Instances       Size
  0% 0/15 [00:00<?, ?it/s]/content/drive/MyDrive/Yolo_Object-Detection/yolov5/train.py:412: FutureWarning: `torch.cuda.amp.autocast(args...)` is deprecated. Please use `torch.amp.autocast('cuda', args...)` instead.
  with torch.cuda.amp.autocast(amp):
      28/49      5.52G    0.03332    0.02325    0.00194         65        736:   7% 1/15 [00:00<00:04,  3.03it/s]/content/drive/MyDrive/Yolo_Object-Detection/yolov5/train.py:412: FutureWarning: `torch.cuda.amp.autocast(args...)` is deprecated. Please use `torch.amp.autocast('cuda', args...)` instead.
  with torch.cuda.amp.autocast(amp):
      28/49      5.52G    0.02704    0.02373   0.002466         68        736:  13% 2/15 [00:00<00:03,  3.41it/s]/content/drive/MyDrive/Yolo_Object-Detection/yolov5/train.py:412: FutureWarning: `torch.cuda.amp.autocast(args...)` is deprecated. Please use `torch.amp.autocast('cuda', args...)` instead.
  with torch.cuda.amp.autocast(amp):
      28/49      5.52G    0.02871     0.0246   0.003277         65        736:  20% 3/15 [00:00<00:03,  3.23it/s]/content/drive/MyDrive/Yolo_Object-Detection/yolov5/train.py:412: FutureWarning: `torch.cuda.amp.autocast(args...)` is deprecated. Please use `torch.amp.autocast('cuda', args...)` instead.
  with torch.cuda.amp.autocast(amp):
      28/49      5.52G    0.02958    0.02402   0.002901         65        736:  27% 4/15 [00:02<00:09,  1.12it/s]/content/drive/MyDrive/Yolo_Object-Detection/yolov5/train.py:412: FutureWarning: `torch.cuda.amp.autocast(args...)` is deprecated. Please use `torch.amp.autocast('cuda', args...)` instead.
  with torch.cuda.amp.autocast(amp):
      28/49      5.52G    0.03153     0.0243   0.003308         80        736:  33% 5/15 [00:03<00:06,  1.44it/s]/content/drive/MyDrive/Yolo_Object-Detection/yolov5/train.py:412: FutureWarning: `torch.cuda.amp.autocast(args...)` is deprecated. Please use `torch.amp.autocast('cuda', args...)` instead.
  with torch.cuda.amp.autocast(amp):
      28/49      5.52G    0.03242    0.02491   0.003907         78        736:  40% 6/15 [00:04<00:08,  1.01it/s]/content/drive/MyDrive/Yolo_Object-Detection/yolov5/train.py:412: FutureWarning: `torch.cuda.amp.autocast(args...)` is deprecated. Please use `torch.amp.autocast('cuda', args...)` instead.
  with torch.cuda.amp.autocast(amp):
      28/49      5.52G    0.03434     0.0239   0.004242         56        736:  47% 7/15 [00:05<00:07,  1.07it/s]/content/drive/MyDrive/Yolo_Object-Detection/yolov5/train.py:412: FutureWarning: `torch.cuda.amp.autocast(args...)` is deprecated. Please use `torch.amp.autocast('cuda', args...)` instead.
  with torch.cuda.amp.autocast(amp):
      28/49      5.52G    0.03469    0.02473   0.004411         96        736:  53% 8/15 [00:07<00:10,  1.43s/it]/content/drive/MyDrive/Yolo_Object-Detection/yolov5/train.py:412: FutureWarning: `torch.cuda.amp.autocast(args...)` is deprecated. Please use `torch.amp.autocast('cuda', args...)` instead.
  with torch.cuda.amp.autocast(amp):
      28/49      5.52G    0.03577    0.02477   0.004342         85        736:  60% 9/15 [00:08<00:06,  1.10s/it]/content/drive/MyDrive/Yolo_Object-Detection/yolov5/train.py:412: FutureWarning: `torch.cuda.amp.autocast(args...)` is deprecated. Please use `torch.amp.autocast('cuda', args...)` instead.
  with torch.cuda.amp.autocast(amp):
      28/49      5.52G    0.03619    0.02457   0.004373         64        736:  67% 10/15 [00:10<00:06,  1.34s/it]/content/drive/MyDrive/Yolo_Object-Detection/yolov5/train.py:412: FutureWarning: `torch.cuda.amp.autocast(args...)` is deprecated. Please use `torch.amp.autocast('cuda', args...)` instead.
  with torch.cuda.amp.autocast(amp):
      28/49      5.52G    0.03681    0.02456   0.004489         75        736:  73% 11/15 [00:10<00:04,  1.15s/it]/content/drive/MyDrive/Yolo_Object-Detection/yolov5/train.py:412: FutureWarning: `torch.cuda.amp.autocast(args...)` is deprecated. Please use `torch.amp.autocast('cuda', args...)` instead.
  with torch.cuda.amp.autocast(amp):
      28/49      5.52G     0.0372    0.02461   0.004484         75        736:  80% 12/15 [00:11<00:03,  1.02s/it]/content/drive/MyDrive/Yolo_Object-Detection/yolov5/train.py:412: FutureWarning: `torch.cuda.amp.autocast(args...)` is deprecated. Please use `torch.amp.autocast('cuda', args...)` instead.
  with torch.cuda.amp.autocast(amp):
      28/49      5.52G    0.03611    0.02442   0.004309         70        736:  87% 13/15 [00:12<00:01,  1.04it/s]/content/drive/MyDrive/Yolo_Object-Detection/yolov5/train.py:412: FutureWarning: `torch.cuda.amp.autocast(args...)` is deprecated. Please use `torch.amp.autocast('cuda', args...)` instead.
  with torch.cuda.amp.autocast(amp):
      28/49      5.52G    0.03622    0.02427   0.004396         70        736:  93% 14/15 [00:12<00:00,  1.21it/s]/content/drive/MyDrive/Yolo_Object-Detection/yolov5/train.py:412: FutureWarning: `torch.cuda.amp.autocast(args...)` is deprecated. Please use `torch.amp.autocast('cuda', args...)` instead.
  with torch.cuda.amp.autocast(amp):
      28/49      5.52G    0.03653    0.02426    0.00433         75        736: 100% 15/15 [00:14<00:00,  1.07it/s]
                 Class     Images  Instances          P          R      mAP50   mAP50-95: 100% 2/2 [00:01<00:00,  1.25it/s]
                   all         59        112      0.794      0.833      0.861      0.576

      Epoch    GPU_mem   box_loss   obj_loss   cls_loss  Instances       Size
  0% 0/15 [00:00<?, ?it/s]/content/drive/MyDrive/Yolo_Object-Detection/yolov5/train.py:412: FutureWarning: `torch.cuda.amp.autocast(args...)` is deprecated. Please use `torch.amp.autocast('cuda', args...)` instead.
  with torch.cuda.amp.autocast(amp):
      29/49      5.52G    0.04367    0.02482   0.002896         78        736:   7% 1/15 [00:00<00:05,  2.73it/s]/content/drive/MyDrive/Yolo_Object-Detection/yolov5/train.py:412: FutureWarning: `torch.cuda.amp.autocast(args...)` is deprecated. Please use `torch.amp.autocast('cuda', args...)` instead.
  with torch.cuda.amp.autocast(amp):
      29/49      5.52G    0.03246    0.02224   0.002319         60        736:  13% 2/15 [00:00<00:03,  3.26it/s]/content/drive/MyDrive/Yolo_Object-Detection/yolov5/train.py:412: FutureWarning: `torch.cuda.amp.autocast(args...)` is deprecated. Please use `torch.amp.autocast('cuda', args...)` instead.
  with torch.cuda.amp.autocast(amp):
      29/49      5.52G     0.0378    0.02317   0.003795         73        736:  20% 3/15 [00:00<00:03,  3.41it/s]/content/drive/MyDrive/Yolo_Object-Detection/yolov5/train.py:412: FutureWarning: `torch.cuda.amp.autocast(args...)` is deprecated. Please use `torch.amp.autocast('cuda', args...)` instead.
  with torch.cuda.amp.autocast(amp):
      29/49      5.52G    0.03811    0.02291   0.004583         75        736:  27% 4/15 [00:01<00:03,  3.48it/s]/content/drive/MyDrive/Yolo_Object-Detection/yolov5/train.py:412: FutureWarning: `torch.cuda.amp.autocast(args...)` is deprecated. Please use `torch.amp.autocast('cuda', args...)` instead.
  with torch.cuda.amp.autocast(amp):
      29/49      5.52G    0.03933    0.02245   0.004185         64        736:  33% 5/15 [00:02<00:05,  1.85it/s]/content/drive/MyDrive/Yolo_Object-Detection/yolov5/train.py:412: FutureWarning: `torch.cuda.amp.autocast(args...)` is deprecated. Please use `torch.amp.autocast('cuda', args...)` instead.
  with torch.cuda.amp.autocast(amp):
      29/49      5.52G    0.04279      0.022   0.004124         66        736:  40% 6/15 [00:02<00:05,  1.78it/s]/content/drive/MyDrive/Yolo_Object-Detection/yolov5/train.py:412: FutureWarning: `torch.cuda.amp.autocast(args...)` is deprecated. Please use `torch.amp.autocast('cuda', args...)` instead.
  with torch.cuda.amp.autocast(amp):
      29/49      5.52G     0.0421    0.02332    0.00389         94        736:  47% 7/15 [00:04<00:07,  1.10it/s]/content/drive/MyDrive/Yolo_Object-Detection/yolov5/train.py:412: FutureWarning: `torch.cuda.amp.autocast(args...)` is deprecated. Please use `torch.amp.autocast('cuda', args...)` instead.
  with torch.cuda.amp.autocast(amp):
      29/49      5.52G    0.03955     0.0236   0.003757         78        736:  53% 8/15 [00:05<00:06,  1.16it/s]/content/drive/MyDrive/Yolo_Object-Detection/yolov5/train.py:412: FutureWarning: `torch.cuda.amp.autocast(args...)` is deprecated. Please use `torch.amp.autocast('cuda', args...)` instead.
  with torch.cuda.amp.autocast(amp):
      29/49      5.52G    0.03744     0.0227   0.003991         43        736:  60% 9/15 [00:06<00:06,  1.16s/it]/content/drive/MyDrive/Yolo_Object-Detection/yolov5/train.py:412: FutureWarning: `torch.cuda.amp.autocast(args...)` is deprecated. Please use `torch.amp.autocast('cuda', args...)` instead.
  with torch.cuda.amp.autocast(amp):
      29/49      5.52G    0.03746    0.02343   0.004351         78        736:  67% 10/15 [00:08<00:06,  1.38s/it]/content/drive/MyDrive/Yolo_Object-Detection/yolov5/train.py:412: FutureWarning: `torch.cuda.amp.autocast(args...)` is deprecated. Please use `torch.amp.autocast('cuda', args...)` instead.
  with torch.cuda.amp.autocast(amp):
      29/49      5.52G     0.0367    0.02351   0.006106         71        736:  73% 11/15 [00:10<00:06,  1.61s/it]/content/drive/MyDrive/Yolo_Object-Detection/yolov5/train.py:412: FutureWarning: `torch.cuda.amp.autocast(args...)` is deprecated. Please use `torch.amp.autocast('cuda', args...)` instead.
  with torch.cuda.amp.autocast(amp):
      29/49      5.52G    0.03791    0.02365   0.006228         74        736:  80% 12/15 [00:11<00:04,  1.39s/it]/content/drive/MyDrive/Yolo_Object-Detection/yolov5/train.py:412: FutureWarning: `torch.cuda.amp.autocast(args...)` is deprecated. Please use `torch.amp.autocast('cuda', args...)` instead.
  with torch.cuda.amp.autocast(amp):
      29/49      5.52G    0.03855    0.02337   0.005973         62        736:  87% 13/15 [00:12<00:02,  1.22s/it]/content/drive/MyDrive/Yolo_Object-Detection/yolov5/train.py:412: FutureWarning: `torch.cuda.amp.autocast(args...)` is deprecated. Please use `torch.amp.autocast('cuda', args...)` instead.
  with torch.cuda.amp.autocast(amp):
      29/49      5.52G    0.03748    0.02321   0.005982         53        736:  93% 14/15 [00:13<00:00,  1.00it/s]/content/drive/MyDrive/Yolo_Object-Detection/yolov5/train.py:412: FutureWarning: `torch.cuda.amp.autocast(args...)` is deprecated. Please use `torch.amp.autocast('cuda', args...)` instead.
  with torch.cuda.amp.autocast(amp):
      29/49      5.52G    0.03715    0.02345   0.005859         84        736: 100% 15/15 [00:14<00:00,  1.05it/s]
                 Class     Images  Instances          P          R      mAP50   mAP50-95: 100% 2/2 [00:01<00:00,  1.24it/s]
                   all         59        112      0.837      0.775      0.874      0.566

      Epoch    GPU_mem   box_loss   obj_loss   cls_loss  Instances       Size
  0% 0/15 [00:00<?, ?it/s]/content/drive/MyDrive/Yolo_Object-Detection/yolov5/train.py:412: FutureWarning: `torch.cuda.amp.autocast(args...)` is deprecated. Please use `torch.amp.autocast('cuda', args...)` instead.
  with torch.cuda.amp.autocast(amp):
      30/49      5.52G    0.04296    0.02143   0.009173         61        736:   7% 1/15 [00:00<00:05,  2.78it/s]/content/drive/MyDrive/Yolo_Object-Detection/yolov5/train.py:412: FutureWarning: `torch.cuda.amp.autocast(args...)` is deprecated. Please use `torch.amp.autocast('cuda', args...)` instead.
  with torch.cuda.amp.autocast(amp):
      30/49      5.52G    0.04039    0.02401   0.005781         78        736:  13% 2/15 [00:00<00:04,  2.81it/s]/content/drive/MyDrive/Yolo_Object-Detection/yolov5/train.py:412: FutureWarning: `torch.cuda.amp.autocast(args...)` is deprecated. Please use `torch.amp.autocast('cuda', args...)` instead.
  with torch.cuda.amp.autocast(amp):
      30/49      5.52G    0.03843    0.02723   0.004705         97        736:  20% 3/15 [00:01<00:03,  3.01it/s]/content/drive/MyDrive/Yolo_Object-Detection/yolov5/train.py:412: FutureWarning: `torch.cuda.amp.autocast(args...)` is deprecated. Please use `torch.amp.autocast('cuda', args...)` instead.
  with torch.cuda.amp.autocast(amp):
      30/49      5.52G    0.03388    0.02625   0.004265         74        736:  27% 4/15 [00:01<00:04,  2.37it/s]/content/drive/MyDrive/Yolo_Object-Detection/yolov5/train.py:412: FutureWarning: `torch.cuda.amp.autocast(args...)` is deprecated. Please use `torch.amp.autocast('cuda', args...)` instead.
  with torch.cuda.amp.autocast(amp):
      30/49      5.52G    0.03552    0.02453   0.004863         51        736:  33% 5/15 [00:02<00:04,  2.06it/s]/content/drive/MyDrive/Yolo_Object-Detection/yolov5/train.py:412: FutureWarning: `torch.cuda.amp.autocast(args...)` is deprecated. Please use `torch.amp.autocast('cuda', args...)` instead.
  with torch.cuda.amp.autocast(amp):
      30/49      5.52G    0.03434    0.02465   0.004566         74        736:  40% 6/15 [00:03<00:05,  1.63it/s]/content/drive/MyDrive/Yolo_Object-Detection/yolov5/train.py:412: FutureWarning: `torch.cuda.amp.autocast(args...)` is deprecated. Please use `torch.amp.autocast('cuda', args...)` instead.
  with torch.cuda.amp.autocast(amp):
      30/49      5.52G    0.03566    0.02456   0.005319         66        736:  47% 7/15 [00:03<00:04,  1.75it/s]/content/drive/MyDrive/Yolo_Object-Detection/yolov5/train.py:412: FutureWarning: `torch.cuda.amp.autocast(args...)` is deprecated. Please use `torch.amp.autocast('cuda', args...)` instead.
  with torch.cuda.amp.autocast(amp):
      30/49      5.52G    0.03372     0.0242   0.004894         66        736:  53% 8/15 [00:04<00:04,  1.44it/s]/content/drive/MyDrive/Yolo_Object-Detection/yolov5/train.py:412: FutureWarning: `torch.cuda.amp.autocast(args...)` is deprecated. Please use `torch.amp.autocast('cuda', args...)` instead.
  with torch.cuda.amp.autocast(amp):
      30/49      5.52G    0.03329    0.02409   0.004695         70        736:  60% 9/15 [00:05<00:03,  1.55it/s]/content/drive/MyDrive/Yolo_Object-Detection/yolov5/train.py:412: FutureWarning: `torch.cuda.amp.autocast(args...)` is deprecated. Please use `torch.amp.autocast('cuda', args...)` instead.
  with torch.cuda.amp.autocast(amp):
      30/49      5.52G    0.03375    0.02363   0.004911         60        736:  67% 10/15 [00:07<00:06,  1.36s/it]/content/drive/MyDrive/Yolo_Object-Detection/yolov5/train.py:412: FutureWarning: `torch.cuda.amp.autocast(args...)` is deprecated. Please use `torch.amp.autocast('cuda', args...)` instead.
  with torch.cuda.amp.autocast(amp):
      30/49      5.52G     0.0341    0.02379   0.004802         80        736:  73% 11/15 [00:08<00:04,  1.05s/it]/content/drive/MyDrive/Yolo_Object-Detection/yolov5/train.py:412: FutureWarning: `torch.cuda.amp.autocast(args...)` is deprecated. Please use `torch.amp.autocast('cuda', args...)` instead.
  with torch.cuda.amp.autocast(amp):
      30/49      5.52G    0.03315    0.02357   0.004621         61        736:  80% 12/15 [00:10<00:04,  1.37s/it]/content/drive/MyDrive/Yolo_Object-Detection/yolov5/train.py:412: FutureWarning: `torch.cuda.amp.autocast(args...)` is deprecated. Please use `torch.amp.autocast('cuda', args...)` instead.
  with torch.cuda.amp.autocast(amp):
      30/49      5.52G    0.03483    0.02341   0.004781         65        736:  87% 13/15 [00:10<00:02,  1.06s/it]/content/drive/MyDrive/Yolo_Object-Detection/yolov5/train.py:412: FutureWarning: `torch.cuda.amp.autocast(args...)` is deprecated. Please use `torch.amp.autocast('cuda', args...)` instead.
  with torch.cuda.amp.autocast(amp):
      30/49      5.52G    0.03502    0.02355   0.004774         75        736:  93% 14/15 [00:13<00:01,  1.62s/it]/content/drive/MyDrive/Yolo_Object-Detection/yolov5/train.py:412: FutureWarning: `torch.cuda.amp.autocast(args...)` is deprecated. Please use `torch.amp.autocast('cuda', args...)` instead.
  with torch.cuda.amp.autocast(amp):
      30/49      5.52G    0.03537    0.02338   0.004943         66        736: 100% 15/15 [00:13<00:00,  1.07it/s]
                 Class     Images  Instances          P          R      mAP50   mAP50-95: 100% 2/2 [00:01<00:00,  1.22it/s]
                   all         59        112      0.784      0.847      0.867      0.571

      Epoch    GPU_mem   box_loss   obj_loss   cls_loss  Instances       Size
  0% 0/15 [00:00<?, ?it/s]/content/drive/MyDrive/Yolo_Object-Detection/yolov5/train.py:412: FutureWarning: `torch.cuda.amp.autocast(args...)` is deprecated. Please use `torch.amp.autocast('cuda', args...)` instead.
  with torch.cuda.amp.autocast(amp):
      31/49      5.52G     0.0342    0.02304   0.002985         67        736:   7% 1/15 [00:00<00:04,  3.14it/s]/content/drive/MyDrive/Yolo_Object-Detection/yolov5/train.py:412: FutureWarning: `torch.cuda.amp.autocast(args...)` is deprecated. Please use `torch.amp.autocast('cuda', args...)` instead.
  with torch.cuda.amp.autocast(amp):
      31/49      5.52G    0.02829    0.02386   0.002381         77        736:  13% 2/15 [00:00<00:03,  3.32it/s]/content/drive/MyDrive/Yolo_Object-Detection/yolov5/train.py:412: FutureWarning: `torch.cuda.amp.autocast(args...)` is deprecated. Please use `torch.amp.autocast('cuda', args...)` instead.
  with torch.cuda.amp.autocast(amp):
      31/49      5.52G    0.03248    0.02168   0.005139         52        736:  20% 3/15 [00:01<00:04,  2.73it/s]/content/drive/MyDrive/Yolo_Object-Detection/yolov5/train.py:412: FutureWarning: `torch.cuda.amp.autocast(args...)` is deprecated. Please use `torch.amp.autocast('cuda', args...)` instead.
  with torch.cuda.amp.autocast(amp):
      31/49      5.52G    0.02935     0.0223   0.004369         70        736:  27% 4/15 [00:01<00:03,  3.02it/s]/content/drive/MyDrive/Yolo_Object-Detection/yolov5/train.py:412: FutureWarning: `torch.cuda.amp.autocast(args...)` is deprecated. Please use `torch.amp.autocast('cuda', args...)` instead.
  with torch.cuda.amp.autocast(amp):
      31/49      5.52G    0.02949    0.02216   0.004967         65        736:  33% 5/15 [00:02<00:06,  1.57it/s]/content/drive/MyDrive/Yolo_Object-Detection/yolov5/train.py:412: FutureWarning: `torch.cuda.amp.autocast(args...)` is deprecated. Please use `torch.amp.autocast('cuda', args...)` instead.
  with torch.cuda.amp.autocast(amp):
      31/49      5.52G    0.02839    0.02162   0.006542         54        736:  40% 6/15 [00:02<00:04,  1.95it/s]/content/drive/MyDrive/Yolo_Object-Detection/yolov5/train.py:412: FutureWarning: `torch.cuda.amp.autocast(args...)` is deprecated. Please use `torch.amp.autocast('cuda', args...)` instead.
  with torch.cuda.amp.autocast(amp):
      31/49      5.52G    0.02815    0.02212   0.006818         72        736:  47% 7/15 [00:04<00:06,  1.20it/s]/content/drive/MyDrive/Yolo_Object-Detection/yolov5/train.py:412: FutureWarning: `torch.cuda.amp.autocast(args...)` is deprecated. Please use `torch.amp.autocast('cuda', args...)` instead.
  with torch.cuda.amp.autocast(amp):
      31/49      5.52G    0.02726    0.02182   0.006268         63        736:  53% 8/15 [00:04<00:04,  1.51it/s]/content/drive/MyDrive/Yolo_Object-Detection/yolov5/train.py:412: FutureWarning: `torch.cuda.amp.autocast(args...)` is deprecated. Please use `torch.amp.autocast('cuda', args...)` instead.
  with torch.cuda.amp.autocast(amp):
      31/49      5.52G    0.02926    0.02164   0.006005         64        736:  60% 9/15 [00:05<00:05,  1.19it/s]/content/drive/MyDrive/Yolo_Object-Detection/yolov5/train.py:412: FutureWarning: `torch.cuda.amp.autocast(args...)` is deprecated. Please use `torch.amp.autocast('cuda', args...)` instead.
  with torch.cuda.amp.autocast(amp):
      31/49      5.52G    0.02826    0.02173   0.005711         74        736:  67% 10/15 [00:06<00:03,  1.46it/s]/content/drive/MyDrive/Yolo_Object-Detection/yolov5/train.py:412: FutureWarning: `torch.cuda.amp.autocast(args...)` is deprecated. Please use `torch.amp.autocast('cuda', args...)` instead.
  with torch.cuda.amp.autocast(amp):
      31/49      5.52G    0.02956    0.02228   0.005508         88        736:  73% 11/15 [00:08<00:04,  1.12s/it]/content/drive/MyDrive/Yolo_Object-Detection/yolov5/train.py:412: FutureWarning: `torch.cuda.amp.autocast(args...)` is deprecated. Please use `torch.amp.autocast('cuda', args...)` instead.
  with torch.cuda.amp.autocast(amp):
      31/49      5.52G     0.0301    0.02253   0.005336         78        736:  80% 12/15 [00:08<00:02,  1.13it/s]/content/drive/MyDrive/Yolo_Object-Detection/yolov5/train.py:412: FutureWarning: `torch.cuda.amp.autocast(args...)` is deprecated. Please use `torch.amp.autocast('cuda', args...)` instead.
  with torch.cuda.amp.autocast(amp):
      31/49      5.52G     0.0293    0.02247    0.00531         71        736:  87% 13/15 [00:10<00:02,  1.21s/it]/content/drive/MyDrive/Yolo_Object-Detection/yolov5/train.py:412: FutureWarning: `torch.cuda.amp.autocast(args...)` is deprecated. Please use `torch.amp.autocast('cuda', args...)` instead.
  with torch.cuda.amp.autocast(amp):
      31/49      5.52G    0.03006    0.02224   0.005413         62        736:  93% 14/15 [00:10<00:00,  1.06it/s]/content/drive/MyDrive/Yolo_Object-Detection/yolov5/train.py:412: FutureWarning: `torch.cuda.amp.autocast(args...)` is deprecated. Please use `torch.amp.autocast('cuda', args...)` instead.
  with torch.cuda.amp.autocast(amp):
      31/49      5.52G     0.0295    0.02192   0.005165         57        736: 100% 15/15 [00:12<00:00,  1.20it/s]
                 Class     Images  Instances          P          R      mAP50   mAP50-95: 100% 2/2 [00:02<00:00,  1.24s/it]
                   all         59        112      0.822      0.892      0.895      0.586

      Epoch    GPU_mem   box_loss   obj_loss   cls_loss  Instances       Size
  0% 0/15 [00:00<?, ?it/s]/content/drive/MyDrive/Yolo_Object-Detection/yolov5/train.py:412: FutureWarning: `torch.cuda.amp.autocast(args...)` is deprecated. Please use `torch.amp.autocast('cuda', args...)` instead.
  with torch.cuda.amp.autocast(amp):
      32/49      5.52G     0.0556    0.02051   0.008433         64        736:   7% 1/15 [00:00<00:04,  2.82it/s]/content/drive/MyDrive/Yolo_Object-Detection/yolov5/train.py:412: FutureWarning: `torch.cuda.amp.autocast(args...)` is deprecated. Please use `torch.amp.autocast('cuda', args...)` instead.
  with torch.cuda.amp.autocast(amp):
      32/49      5.52G    0.03794    0.01966   0.005106         51        736:  13% 2/15 [00:00<00:04,  3.03it/s]/content/drive/MyDrive/Yolo_Object-Detection/yolov5/train.py:412: FutureWarning: `torch.cuda.amp.autocast(args...)` is deprecated. Please use `torch.amp.autocast('cuda', args...)` instead.
  with torch.cuda.amp.autocast(amp):
      32/49      5.52G    0.03967    0.01907   0.004031         54        736:  20% 3/15 [00:00<00:03,  3.32it/s]/content/drive/MyDrive/Yolo_Object-Detection/yolov5/train.py:412: FutureWarning: `torch.cuda.amp.autocast(args...)` is deprecated. Please use `torch.amp.autocast('cuda', args...)` instead.
  with torch.cuda.amp.autocast(amp):
      32/49      5.52G      0.038    0.01987   0.003692         68        736:  27% 4/15 [00:01<00:05,  2.15it/s]/content/drive/MyDrive/Yolo_Object-Detection/yolov5/train.py:412: FutureWarning: `torch.cuda.amp.autocast(args...)` is deprecated. Please use `torch.amp.autocast('cuda', args...)` instead.
  with torch.cuda.amp.autocast(amp):
      32/49      5.52G    0.03391    0.01975    0.00353         68        736:  33% 5/15 [00:02<00:06,  1.50it/s]/content/drive/MyDrive/Yolo_Object-Detection/yolov5/train.py:412: FutureWarning: `torch.cuda.amp.autocast(args...)` is deprecated. Please use `torch.amp.autocast('cuda', args...)` instead.
  with torch.cuda.amp.autocast(amp):
      32/49      5.52G    0.03351    0.02116    0.00425         86        736:  40% 6/15 [00:03<00:07,  1.27it/s]/content/drive/MyDrive/Yolo_Object-Detection/yolov5/train.py:412: FutureWarning: `torch.cuda.amp.autocast(args...)` is deprecated. Please use `torch.amp.autocast('cuda', args...)` instead.
  with torch.cuda.amp.autocast(amp):
      32/49      5.52G    0.03158    0.02177   0.003923         74        736:  47% 7/15 [00:04<00:05,  1.35it/s]/content/drive/MyDrive/Yolo_Object-Detection/yolov5/train.py:412: FutureWarning: `torch.cuda.amp.autocast(args...)` is deprecated. Please use `torch.amp.autocast('cuda', args...)` instead.
  with torch.cuda.amp.autocast(amp):
      32/49      5.52G    0.03183    0.02328   0.005412         95        736:  53% 8/15 [00:05<00:06,  1.06it/s]/content/drive/MyDrive/Yolo_Object-Detection/yolov5/train.py:412: FutureWarning: `torch.cuda.amp.autocast(args...)` is deprecated. Please use `torch.amp.autocast('cuda', args...)` instead.
  with torch.cuda.amp.autocast(amp):
      32/49      5.52G    0.03188    0.02337    0.00544         80        736:  60% 9/15 [00:06<00:04,  1.23it/s]/content/drive/MyDrive/Yolo_Object-Detection/yolov5/train.py:412: FutureWarning: `torch.cuda.amp.autocast(args...)` is deprecated. Please use `torch.amp.autocast('cuda', args...)` instead.
  with torch.cuda.amp.autocast(amp):
      32/49      5.52G    0.03309    0.02356    0.00519         82        736:  67% 10/15 [00:07<00:04,  1.20it/s]/content/drive/MyDrive/Yolo_Object-Detection/yolov5/train.py:412: FutureWarning: `torch.cuda.amp.autocast(args...)` is deprecated. Please use `torch.amp.autocast('cuda', args...)` instead.
  with torch.cuda.amp.autocast(amp):
      32/49      5.52G     0.0334    0.02343   0.005103         75        736:  73% 11/15 [00:07<00:03,  1.29it/s]/content/drive/MyDrive/Yolo_Object-Detection/yolov5/train.py:412: FutureWarning: `torch.cuda.amp.autocast(args...)` is deprecated. Please use `torch.amp.autocast('cuda', args...)` instead.
  with torch.cuda.amp.autocast(amp):
      32/49      5.52G     0.0329    0.02337   0.004903         70        736:  80% 12/15 [00:08<00:02,  1.17it/s]/content/drive/MyDrive/Yolo_Object-Detection/yolov5/train.py:412: FutureWarning: `torch.cuda.amp.autocast(args...)` is deprecated. Please use `torch.amp.autocast('cuda', args...)` instead.
  with torch.cuda.amp.autocast(amp):
      32/49      5.52G    0.03348    0.02366   0.004871         91        736:  87% 13/15 [00:09<00:01,  1.14it/s]/content/drive/MyDrive/Yolo_Object-Detection/yolov5/train.py:412: FutureWarning: `torch.cuda.amp.autocast(args...)` is deprecated. Please use `torch.amp.autocast('cuda', args...)` instead.
  with torch.cuda.amp.autocast(amp):
      32/49      5.52G    0.03379    0.02398   0.005453         77        736:  93% 14/15 [00:11<00:00,  1.00it/s]/content/drive/MyDrive/Yolo_Object-Detection/yolov5/train.py:412: FutureWarning: `torch.cuda.amp.autocast(args...)` is deprecated. Please use `torch.amp.autocast('cuda', args...)` instead.
  with torch.cuda.amp.autocast(amp):
      32/49      5.52G    0.03281    0.02395   0.005291         70        736: 100% 15/15 [00:12<00:00,  1.20it/s]
                 Class     Images  Instances          P          R      mAP50   mAP50-95: 100% 2/2 [00:02<00:00,  1.25s/it]
                   all         59        112      0.794      0.886      0.877      0.606

      Epoch    GPU_mem   box_loss   obj_loss   cls_loss  Instances       Size
  0% 0/15 [00:00<?, ?it/s]/content/drive/MyDrive/Yolo_Object-Detection/yolov5/train.py:412: FutureWarning: `torch.cuda.amp.autocast(args...)` is deprecated. Please use `torch.amp.autocast('cuda', args...)` instead.
  with torch.cuda.amp.autocast(amp):
      33/49      5.52G    0.01872    0.02234   0.001907         70        736:   7% 1/15 [00:00<00:04,  2.85it/s]/content/drive/MyDrive/Yolo_Object-Detection/yolov5/train.py:412: FutureWarning: `torch.cuda.amp.autocast(args...)` is deprecated. Please use `torch.amp.autocast('cuda', args...)` instead.
  with torch.cuda.amp.autocast(amp):
      33/49      5.52G     0.0227    0.02468   0.004069         79        736:  13% 2/15 [00:00<00:04,  3.23it/s]/content/drive/MyDrive/Yolo_Object-Detection/yolov5/train.py:412: FutureWarning: `torch.cuda.amp.autocast(args...)` is deprecated. Please use `torch.amp.autocast('cuda', args...)` instead.
  with torch.cuda.amp.autocast(amp):
      33/49      5.52G    0.02648    0.02522   0.004565         81        736:  20% 3/15 [00:01<00:04,  2.93it/s]/content/drive/MyDrive/Yolo_Object-Detection/yolov5/train.py:412: FutureWarning: `torch.cuda.amp.autocast(args...)` is deprecated. Please use `torch.amp.autocast('cuda', args...)` instead.
  with torch.cuda.amp.autocast(amp):
      33/49      5.52G    0.02781    0.02432   0.003912         70        736:  27% 4/15 [00:01<00:04,  2.33it/s]/content/drive/MyDrive/Yolo_Object-Detection/yolov5/train.py:412: FutureWarning: `torch.cuda.amp.autocast(args...)` is deprecated. Please use `torch.amp.autocast('cuda', args...)` instead.
  with torch.cuda.amp.autocast(amp):
      33/49      5.52G    0.02892     0.0243   0.004274         74        736:  33% 5/15 [00:02<00:06,  1.49it/s]/content/drive/MyDrive/Yolo_Object-Detection/yolov5/train.py:412: FutureWarning: `torch.cuda.amp.autocast(args...)` is deprecated. Please use `torch.amp.autocast('cuda', args...)` instead.
  with torch.cuda.amp.autocast(amp):
      33/49      5.52G    0.02844    0.02402    0.00407         72        736:  40% 6/15 [00:03<00:05,  1.56it/s]/content/drive/MyDrive/Yolo_Object-Detection/yolov5/train.py:412: FutureWarning: `torch.cuda.amp.autocast(args...)` is deprecated. Please use `torch.amp.autocast('cuda', args...)` instead.
  with torch.cuda.amp.autocast(amp):
      33/49      5.52G     0.0288    0.02358   0.004163         70        736:  47% 7/15 [00:04<00:05,  1.46it/s]/content/drive/MyDrive/Yolo_Object-Detection/yolov5/train.py:412: FutureWarning: `torch.cuda.amp.autocast(args...)` is deprecated. Please use `torch.amp.autocast('cuda', args...)` instead.
  with torch.cuda.amp.autocast(amp):
      33/49      5.52G    0.02776    0.02354   0.003931         71        736:  53% 8/15 [00:04<00:04,  1.43it/s]/content/drive/MyDrive/Yolo_Object-Detection/yolov5/train.py:412: FutureWarning: `torch.cuda.amp.autocast(args...)` is deprecated. Please use `torch.amp.autocast('cuda', args...)` instead.
  with torch.cuda.amp.autocast(amp):
      33/49      5.52G    0.02888    0.02341   0.003878         63        736:  60% 9/15 [00:06<00:05,  1.12it/s]/content/drive/MyDrive/Yolo_Object-Detection/yolov5/train.py:412: FutureWarning: `torch.cuda.amp.autocast(args...)` is deprecated. Please use `torch.amp.autocast('cuda', args...)` instead.
  with torch.cuda.amp.autocast(amp):
      33/49      5.52G    0.03116    0.02414    0.00399         99        736:  67% 10/15 [00:06<00:03,  1.42it/s]/content/drive/MyDrive/Yolo_Object-Detection/yolov5/train.py:412: FutureWarning: `torch.cuda.amp.autocast(args...)` is deprecated. Please use `torch.amp.autocast('cuda', args...)` instead.
  with torch.cuda.amp.autocast(amp):
      33/49      5.52G    0.03135    0.02397   0.004193         68        736:  73% 11/15 [00:07<00:03,  1.17it/s]/content/drive/MyDrive/Yolo_Object-Detection/yolov5/train.py:412: FutureWarning: `torch.cuda.amp.autocast(args...)` is deprecated. Please use `torch.amp.autocast('cuda', args...)` instead.
  with torch.cuda.amp.autocast(amp):
      33/49      5.52G    0.03024     0.0239   0.003938         75        736:  80% 12/15 [00:07<00:02,  1.45it/s]/content/drive/MyDrive/Yolo_Object-Detection/yolov5/train.py:412: FutureWarning: `torch.cuda.amp.autocast(args...)` is deprecated. Please use `torch.amp.autocast('cuda', args...)` instead.
  with torch.cuda.amp.autocast(amp):
      33/49      5.52G    0.03058    0.02446   0.004218         90        736:  87% 13/15 [00:09<00:01,  1.10it/s]/content/drive/MyDrive/Yolo_Object-Detection/yolov5/train.py:412: FutureWarning: `torch.cuda.amp.autocast(args...)` is deprecated. Please use `torch.amp.autocast('cuda', args...)` instead.
  with torch.cuda.amp.autocast(amp):
      33/49      5.52G    0.03065    0.02425   0.004206         66        736:  93% 14/15 [00:09<00:00,  1.38it/s]/content/drive/MyDrive/Yolo_Object-Detection/yolov5/train.py:412: FutureWarning: `torch.cuda.amp.autocast(args...)` is deprecated. Please use `torch.amp.autocast('cuda', args...)` instead.
  with torch.cuda.amp.autocast(amp):
      33/49      5.52G    0.03099    0.02392   0.004037         62        736: 100% 15/15 [00:11<00:00,  1.32it/s]
                 Class     Images  Instances          P          R      mAP50   mAP50-95: 100% 2/2 [00:02<00:00,  1.12s/it]
                   all         59        112      0.836      0.814      0.863       0.59

      Epoch    GPU_mem   box_loss   obj_loss   cls_loss  Instances       Size
  0% 0/15 [00:00<?, ?it/s]/content/drive/MyDrive/Yolo_Object-Detection/yolov5/train.py:412: FutureWarning: `torch.cuda.amp.autocast(args...)` is deprecated. Please use `torch.amp.autocast('cuda', args...)` instead.
  with torch.cuda.amp.autocast(amp):
      34/49      5.52G    0.02039    0.01982   0.002215         64        736:   7% 1/15 [00:00<00:05,  2.35it/s]/content/drive/MyDrive/Yolo_Object-Detection/yolov5/train.py:412: FutureWarning: `torch.cuda.amp.autocast(args...)` is deprecated. Please use `torch.amp.autocast('cuda', args...)` instead.
  with torch.cuda.amp.autocast(amp):
      34/49      5.52G    0.02077     0.0199   0.003247         66        736:  13% 2/15 [00:00<00:05,  2.24it/s]/content/drive/MyDrive/Yolo_Object-Detection/yolov5/train.py:412: FutureWarning: `torch.cuda.amp.autocast(args...)` is deprecated. Please use `torch.amp.autocast('cuda', args...)` instead.
  with torch.cuda.amp.autocast(amp):
      34/49      5.52G     0.0197    0.02039   0.003218         63        736:  20% 3/15 [00:01<00:04,  2.57it/s]/content/drive/MyDrive/Yolo_Object-Detection/yolov5/train.py:412: FutureWarning: `torch.cuda.amp.autocast(args...)` is deprecated. Please use `torch.amp.autocast('cuda', args...)` instead.
  with torch.cuda.amp.autocast(amp):
      34/49      5.52G    0.01937    0.02118   0.003756         73        736:  27% 4/15 [00:03<00:10,  1.06it/s]/content/drive/MyDrive/Yolo_Object-Detection/yolov5/train.py:412: FutureWarning: `torch.cuda.amp.autocast(args...)` is deprecated. Please use `torch.amp.autocast('cuda', args...)` instead.
  with torch.cuda.amp.autocast(amp):
      34/49      5.52G    0.02345    0.02181   0.003668         77        736:  33% 5/15 [00:03<00:07,  1.31it/s]/content/drive/MyDrive/Yolo_Object-Detection/yolov5/train.py:412: FutureWarning: `torch.cuda.amp.autocast(args...)` is deprecated. Please use `torch.amp.autocast('cuda', args...)` instead.
  with torch.cuda.amp.autocast(amp):
      34/49      5.52G    0.02479    0.02238   0.004585         75        736:  40% 6/15 [00:04<00:07,  1.15it/s]/content/drive/MyDrive/Yolo_Object-Detection/yolov5/train.py:412: FutureWarning: `torch.cuda.amp.autocast(args...)` is deprecated. Please use `torch.amp.autocast('cuda', args...)` instead.
  with torch.cuda.amp.autocast(amp):
      34/49      5.52G    0.02547    0.02241   0.004562         67        736:  47% 7/15 [00:05<00:05,  1.35it/s]/content/drive/MyDrive/Yolo_Object-Detection/yolov5/train.py:412: FutureWarning: `torch.cuda.amp.autocast(args...)` is deprecated. Please use `torch.amp.autocast('cuda', args...)` instead.
  with torch.cuda.amp.autocast(amp):
      34/49      5.52G    0.02601    0.02286    0.00467         80        736:  53% 8/15 [00:05<00:05,  1.28it/s]/content/drive/MyDrive/Yolo_Object-Detection/yolov5/train.py:412: FutureWarning: `torch.cuda.amp.autocast(args...)` is deprecated. Please use `torch.amp.autocast('cuda', args...)` instead.
  with torch.cuda.amp.autocast(amp):
      34/49      5.52G    0.02521    0.02302   0.004475         75        736:  60% 9/15 [00:06<00:03,  1.52it/s]/content/drive/MyDrive/Yolo_Object-Detection/yolov5/train.py:412: FutureWarning: `torch.cuda.amp.autocast(args...)` is deprecated. Please use `torch.amp.autocast('cuda', args...)` instead.
  with torch.cuda.amp.autocast(amp):
      34/49      5.52G    0.02605    0.02347   0.004358         94        736:  67% 10/15 [00:07<00:03,  1.26it/s]/content/drive/MyDrive/Yolo_Object-Detection/yolov5/train.py:412: FutureWarning: `torch.cuda.amp.autocast(args...)` is deprecated. Please use `torch.amp.autocast('cuda', args...)` instead.
  with torch.cuda.amp.autocast(amp):
      34/49      5.52G    0.02674    0.02424   0.004171         94        736:  73% 11/15 [00:07<00:02,  1.40it/s]/content/drive/MyDrive/Yolo_Object-Detection/yolov5/train.py:412: FutureWarning: `torch.cuda.amp.autocast(args...)` is deprecated. Please use `torch.amp.autocast('cuda', args...)` instead.
  with torch.cuda.amp.autocast(amp):
      34/49      5.52G    0.02684    0.02385   0.004241         50        736:  80% 12/15 [00:09<00:02,  1.03it/s]/content/drive/MyDrive/Yolo_Object-Detection/yolov5/train.py:412: FutureWarning: `torch.cuda.amp.autocast(args...)` is deprecated. Please use `torch.amp.autocast('cuda', args...)` instead.
  with torch.cuda.amp.autocast(amp):
      34/49      5.52G    0.02731    0.02395   0.004064         84        736:  87% 13/15 [00:09<00:01,  1.31it/s]/content/drive/MyDrive/Yolo_Object-Detection/yolov5/train.py:412: FutureWarning: `torch.cuda.amp.autocast(args...)` is deprecated. Please use `torch.amp.autocast('cuda', args...)` instead.
  with torch.cuda.amp.autocast(amp):
      34/49      5.52G    0.02737    0.02406   0.003977         79        736:  93% 14/15 [00:10<00:00,  1.13it/s]/content/drive/MyDrive/Yolo_Object-Detection/yolov5/train.py:412: FutureWarning: `torch.cuda.amp.autocast(args...)` is deprecated. Please use `torch.amp.autocast('cuda', args...)` instead.
  with torch.cuda.amp.autocast(amp):
      34/49      5.52G    0.02742    0.02407   0.003883         80        736: 100% 15/15 [00:11<00:00,  1.34it/s]
                 Class     Images  Instances          P          R      mAP50   mAP50-95: 100% 2/2 [00:01<00:00,  1.36it/s]
                   all         59        112      0.792      0.791      0.867      0.605

      Epoch    GPU_mem   box_loss   obj_loss   cls_loss  Instances       Size
  0% 0/15 [00:00<?, ?it/s]/content/drive/MyDrive/Yolo_Object-Detection/yolov5/train.py:412: FutureWarning: `torch.cuda.amp.autocast(args...)` is deprecated. Please use `torch.amp.autocast('cuda', args...)` instead.
  with torch.cuda.amp.autocast(amp):
      35/49      5.52G    0.04786     0.0157   0.004893         58        736:   7% 1/15 [00:00<00:05,  2.74it/s]/content/drive/MyDrive/Yolo_Object-Detection/yolov5/train.py:412: FutureWarning: `torch.cuda.amp.autocast(args...)` is deprecated. Please use `torch.amp.autocast('cuda', args...)` instead.
  with torch.cuda.amp.autocast(amp):
      35/49      5.52G    0.03569    0.02278   0.004574         79        736:  13% 2/15 [00:00<00:04,  3.09it/s]/content/drive/MyDrive/Yolo_Object-Detection/yolov5/train.py:412: FutureWarning: `torch.cuda.amp.autocast(args...)` is deprecated. Please use `torch.amp.autocast('cuda', args...)` instead.
  with torch.cuda.amp.autocast(amp):
      35/49      5.52G    0.03736    0.02364   0.004234         74        736:  20% 3/15 [00:02<00:11,  1.04it/s]/content/drive/MyDrive/Yolo_Object-Detection/yolov5/train.py:412: FutureWarning: `torch.cuda.amp.autocast(args...)` is deprecated. Please use `torch.amp.autocast('cuda', args...)` instead.
  with torch.cuda.amp.autocast(amp):
      35/49      5.52G     0.0412    0.02289   0.008483         70        736:  27% 4/15 [00:02<00:07,  1.39it/s]/content/drive/MyDrive/Yolo_Object-Detection/yolov5/train.py:412: FutureWarning: `torch.cuda.amp.autocast(args...)` is deprecated. Please use `torch.amp.autocast('cuda', args...)` instead.
  with torch.cuda.amp.autocast(amp):
      35/49      5.52G    0.03824     0.0227   0.007623         62        736:  33% 5/15 [00:04<00:11,  1.12s/it]/content/drive/MyDrive/Yolo_Object-Detection/yolov5/train.py:412: FutureWarning: `torch.cuda.amp.autocast(args...)` is deprecated. Please use `torch.amp.autocast('cuda', args...)` instead.
  with torch.cuda.amp.autocast(amp):
      35/49      5.52G    0.03509    0.02136   0.007021         49        736:  40% 6/15 [00:04<00:07,  1.17it/s]/content/drive/MyDrive/Yolo_Object-Detection/yolov5/train.py:412: FutureWarning: `torch.cuda.amp.autocast(args...)` is deprecated. Please use `torch.amp.autocast('cuda', args...)` instead.
  with torch.cuda.amp.autocast(amp):
      35/49      5.52G    0.03535    0.02209    0.00697         84        736:  47% 7/15 [00:07<00:10,  1.26s/it]/content/drive/MyDrive/Yolo_Object-Detection/yolov5/train.py:412: FutureWarning: `torch.cuda.amp.autocast(args...)` is deprecated. Please use `torch.amp.autocast('cuda', args...)` instead.
  with torch.cuda.amp.autocast(amp):
      35/49      5.52G    0.03545    0.02263   0.006801         87        736:  53% 8/15 [00:07<00:06,  1.03it/s]/content/drive/MyDrive/Yolo_Object-Detection/yolov5/train.py:412: FutureWarning: `torch.cuda.amp.autocast(args...)` is deprecated. Please use `torch.amp.autocast('cuda', args...)` instead.
  with torch.cuda.amp.autocast(amp):
      35/49      5.52G     0.0355    0.02326   0.006687         79        736:  60% 9/15 [00:08<00:06,  1.06s/it]/content/drive/MyDrive/Yolo_Object-Detection/yolov5/train.py:412: FutureWarning: `torch.cuda.amp.autocast(args...)` is deprecated. Please use `torch.amp.autocast('cuda', args...)` instead.
  with torch.cuda.amp.autocast(amp):
      35/49      5.52G    0.03508    0.02394   0.006483         96        736:  67% 10/15 [00:09<00:05,  1.01s/it]/content/drive/MyDrive/Yolo_Object-Detection/yolov5/train.py:412: FutureWarning: `torch.cuda.amp.autocast(args...)` is deprecated. Please use `torch.amp.autocast('cuda', args...)` instead.
  with torch.cuda.amp.autocast(amp):
      35/49      5.52G     0.0337    0.02391   0.006071         73        736:  73% 11/15 [00:10<00:03,  1.09it/s]/content/drive/MyDrive/Yolo_Object-Detection/yolov5/train.py:412: FutureWarning: `torch.cuda.amp.autocast(args...)` is deprecated. Please use `torch.amp.autocast('cuda', args...)` instead.
  with torch.cuda.amp.autocast(amp):
      35/49      5.52G    0.03387    0.02413   0.005905         83        736:  80% 12/15 [00:10<00:02,  1.20it/s]/content/drive/MyDrive/Yolo_Object-Detection/yolov5/train.py:412: FutureWarning: `torch.cuda.amp.autocast(args...)` is deprecated. Please use `torch.amp.autocast('cuda', args...)` instead.
  with torch.cuda.amp.autocast(amp):
      35/49      5.52G    0.03286    0.02403   0.005651         62        736:  87% 13/15 [00:11<00:01,  1.16it/s]/content/drive/MyDrive/Yolo_Object-Detection/yolov5/train.py:412: FutureWarning: `torch.cuda.amp.autocast(args...)` is deprecated. Please use `torch.amp.autocast('cuda', args...)` instead.
  with torch.cuda.amp.autocast(amp):
      35/49      5.52G    0.03175    0.02349    0.00537         53        736:  93% 14/15 [00:12<00:00,  1.34it/s]/content/drive/MyDrive/Yolo_Object-Detection/yolov5/train.py:412: FutureWarning: `torch.cuda.amp.autocast(args...)` is deprecated. Please use `torch.amp.autocast('cuda', args...)` instead.
  with torch.cuda.amp.autocast(amp):
      35/49      5.52G    0.03204    0.02328   0.005148         68        736: 100% 15/15 [00:13<00:00,  1.13it/s]
                 Class     Images  Instances          P          R      mAP50   mAP50-95: 100% 2/2 [00:01<00:00,  1.25it/s]
                   all         59        112      0.781      0.801      0.863       0.61

      Epoch    GPU_mem   box_loss   obj_loss   cls_loss  Instances       Size
  0% 0/15 [00:00<?, ?it/s]/content/drive/MyDrive/Yolo_Object-Detection/yolov5/train.py:412: FutureWarning: `torch.cuda.amp.autocast(args...)` is deprecated. Please use `torch.amp.autocast('cuda', args...)` instead.
  with torch.cuda.amp.autocast(amp):
      36/49      5.52G    0.03765     0.0194    0.01487         62        736:   7% 1/15 [00:00<00:04,  2.92it/s]/content/drive/MyDrive/Yolo_Object-Detection/yolov5/train.py:412: FutureWarning: `torch.cuda.amp.autocast(args...)` is deprecated. Please use `torch.amp.autocast('cuda', args...)` instead.
  with torch.cuda.amp.autocast(amp):
      36/49      5.52G    0.03609    0.02214   0.008635         75        736:  13% 2/15 [00:00<00:04,  3.20it/s]/content/drive/MyDrive/Yolo_Object-Detection/yolov5/train.py:412: FutureWarning: `torch.cuda.amp.autocast(args...)` is deprecated. Please use `torch.amp.autocast('cuda', args...)` instead.
  with torch.cuda.amp.autocast(amp):
      36/49      5.52G    0.03471    0.02332   0.008225         79        736:  20% 3/15 [00:00<00:03,  3.35it/s]/content/drive/MyDrive/Yolo_Object-Detection/yolov5/train.py:412: FutureWarning: `torch.cuda.amp.autocast(args...)` is deprecated. Please use `torch.amp.autocast('cuda', args...)` instead.
  with torch.cuda.amp.autocast(amp):
      36/49      5.52G    0.03551    0.02294   0.006996         66        736:  27% 4/15 [00:01<00:03,  2.98it/s]/content/drive/MyDrive/Yolo_Object-Detection/yolov5/train.py:412: FutureWarning: `torch.cuda.amp.autocast(args...)` is deprecated. Please use `torch.amp.autocast('cuda', args...)` instead.
  with torch.cuda.amp.autocast(amp):
      36/49      5.52G    0.03395    0.02291   0.006603         74        736:  33% 5/15 [00:02<00:06,  1.51it/s]/content/drive/MyDrive/Yolo_Object-Detection/yolov5/train.py:412: FutureWarning: `torch.cuda.amp.autocast(args...)` is deprecated. Please use `torch.amp.autocast('cuda', args...)` instead.
  with torch.cuda.amp.autocast(amp):
      36/49      5.52G    0.03323    0.02349   0.005895         75        736:  40% 6/15 [00:03<00:07,  1.24it/s]/content/drive/MyDrive/Yolo_Object-Detection/yolov5/train.py:412: FutureWarning: `torch.cuda.amp.autocast(args...)` is deprecated. Please use `torch.amp.autocast('cuda', args...)` instead.
  with torch.cuda.amp.autocast(amp):
      36/49      5.52G     0.0333    0.02324   0.005724         66        736:  47% 7/15 [00:05<00:10,  1.26s/it]/content/drive/MyDrive/Yolo_Object-Detection/yolov5/train.py:412: FutureWarning: `torch.cuda.amp.autocast(args...)` is deprecated. Please use `torch.amp.autocast('cuda', args...)` instead.
  with torch.cuda.amp.autocast(amp):
      36/49      5.52G    0.03357    0.02398   0.005435         86        736:  53% 8/15 [00:06<00:07,  1.00s/it]/content/drive/MyDrive/Yolo_Object-Detection/yolov5/train.py:412: FutureWarning: `torch.cuda.amp.autocast(args...)` is deprecated. Please use `torch.amp.autocast('cuda', args...)` instead.
  with torch.cuda.amp.autocast(amp):
      36/49      5.52G    0.03308    0.02416   0.005222         86        736:  60% 9/15 [00:08<00:08,  1.50s/it]/content/drive/MyDrive/Yolo_Object-Detection/yolov5/train.py:412: FutureWarning: `torch.cuda.amp.autocast(args...)` is deprecated. Please use `torch.amp.autocast('cuda', args...)` instead.
  with torch.cuda.amp.autocast(amp):
      36/49      5.52G    0.03148     0.0238   0.004829         66        736:  67% 10/15 [00:09<00:05,  1.14s/it]/content/drive/MyDrive/Yolo_Object-Detection/yolov5/train.py:412: FutureWarning: `torch.cuda.amp.autocast(args...)` is deprecated. Please use `torch.amp.autocast('cuda', args...)` instead.
  with torch.cuda.amp.autocast(amp):
      36/49      5.52G    0.03159      0.024   0.004547         83        736:  73% 11/15 [00:11<00:05,  1.47s/it]/content/drive/MyDrive/Yolo_Object-Detection/yolov5/train.py:412: FutureWarning: `torch.cuda.amp.autocast(args...)` is deprecated. Please use `torch.amp.autocast('cuda', args...)` instead.
  with torch.cuda.amp.autocast(amp):
      36/49      5.52G    0.03102    0.02383   0.004336         71        736:  80% 12/15 [00:11<00:03,  1.12s/it]/content/drive/MyDrive/Yolo_Object-Detection/yolov5/train.py:412: FutureWarning: `torch.cuda.amp.autocast(args...)` is deprecated. Please use `torch.amp.autocast('cuda', args...)` instead.
  with torch.cuda.amp.autocast(amp):
      36/49      5.52G    0.03135    0.02352   0.004561         66        736:  87% 13/15 [00:12<00:02,  1.11s/it]/content/drive/MyDrive/Yolo_Object-Detection/yolov5/train.py:412: FutureWarning: `torch.cuda.amp.autocast(args...)` is deprecated. Please use `torch.amp.autocast('cuda', args...)` instead.
  with torch.cuda.amp.autocast(amp):
      36/49      5.52G    0.03182    0.02343   0.004983         59        736:  93% 14/15 [00:13<00:00,  1.15it/s]/content/drive/MyDrive/Yolo_Object-Detection/yolov5/train.py:412: FutureWarning: `torch.cuda.amp.autocast(args...)` is deprecated. Please use `torch.amp.autocast('cuda', args...)` instead.
  with torch.cuda.amp.autocast(amp):
      36/49      5.52G    0.03207    0.02332    0.00637         67        736: 100% 15/15 [00:14<00:00,  1.03it/s]
                 Class     Images  Instances          P          R      mAP50   mAP50-95: 100% 2/2 [00:01<00:00,  1.58it/s]
                   all         59        112      0.791       0.83      0.866      0.594

      Epoch    GPU_mem   box_loss   obj_loss   cls_loss  Instances       Size
  0% 0/15 [00:00<?, ?it/s]/content/drive/MyDrive/Yolo_Object-Detection/yolov5/train.py:412: FutureWarning: `torch.cuda.amp.autocast(args...)` is deprecated. Please use `torch.amp.autocast('cuda', args...)` instead.
  with torch.cuda.amp.autocast(amp):
      37/49      5.52G    0.02868    0.01999    0.00196         70        736:   7% 1/15 [00:00<00:05,  2.77it/s]/content/drive/MyDrive/Yolo_Object-Detection/yolov5/train.py:412: FutureWarning: `torch.cuda.amp.autocast(args...)` is deprecated. Please use `torch.amp.autocast('cuda', args...)` instead.
  with torch.cuda.amp.autocast(amp):
      37/49      5.52G    0.03246    0.02142   0.007183         70        736:  13% 2/15 [00:00<00:04,  3.08it/s]/content/drive/MyDrive/Yolo_Object-Detection/yolov5/train.py:412: FutureWarning: `torch.cuda.amp.autocast(args...)` is deprecated. Please use `torch.amp.autocast('cuda', args...)` instead.
  with torch.cuda.amp.autocast(amp):
      37/49      5.52G    0.03102    0.02103   0.005859         66        736:  20% 3/15 [00:00<00:03,  3.30it/s]/content/drive/MyDrive/Yolo_Object-Detection/yolov5/train.py:412: FutureWarning: `torch.cuda.amp.autocast(args...)` is deprecated. Please use `torch.amp.autocast('cuda', args...)` instead.
  with torch.cuda.amp.autocast(amp):
      37/49      5.52G    0.03291      0.021   0.006088         65        736:  27% 4/15 [00:01<00:03,  3.20it/s]/content/drive/MyDrive/Yolo_Object-Detection/yolov5/train.py:412: FutureWarning: `torch.cuda.amp.autocast(args...)` is deprecated. Please use `torch.amp.autocast('cuda', args...)` instead.
  with torch.cuda.amp.autocast(amp):
      37/49      5.52G    0.03036    0.02029    0.00565         52        736:  33% 5/15 [00:02<00:05,  1.90it/s]/content/drive/MyDrive/Yolo_Object-Detection/yolov5/train.py:412: FutureWarning: `torch.cuda.amp.autocast(args...)` is deprecated. Please use `torch.amp.autocast('cuda', args...)` instead.
  with torch.cuda.amp.autocast(amp):
      37/49      5.52G    0.02841    0.02086   0.005102         77        736:  40% 6/15 [00:02<00:05,  1.68it/s]/content/drive/MyDrive/Yolo_Object-Detection/yolov5/train.py:412: FutureWarning: `torch.cuda.amp.autocast(args...)` is deprecated. Please use `torch.amp.autocast('cuda', args...)` instead.
  with torch.cuda.amp.autocast(amp):
      37/49      5.52G    0.02819    0.02146   0.005816         82        736:  47% 7/15 [00:03<00:04,  1.63it/s]/content/drive/MyDrive/Yolo_Object-Detection/yolov5/train.py:412: FutureWarning: `torch.cuda.amp.autocast(args...)` is deprecated. Please use `torch.amp.autocast('cuda', args...)` instead.
  with torch.cuda.amp.autocast(amp):
      37/49      5.52G    0.02854    0.02135   0.005302         69        736:  53% 8/15 [00:04<00:05,  1.19it/s]/content/drive/MyDrive/Yolo_Object-Detection/yolov5/train.py:412: FutureWarning: `torch.cuda.amp.autocast(args...)` is deprecated. Please use `torch.amp.autocast('cuda', args...)` instead.
  with torch.cuda.amp.autocast(amp):
      37/49      5.52G    0.02921    0.02208   0.005445         80        736:  60% 9/15 [00:06<00:06,  1.05s/it]/content/drive/MyDrive/Yolo_Object-Detection/yolov5/train.py:412: FutureWarning: `torch.cuda.amp.autocast(args...)` is deprecated. Please use `torch.amp.autocast('cuda', args...)` instead.
  with torch.cuda.amp.autocast(amp):
      37/49      5.52G    0.02904    0.02175   0.005213         67        736:  67% 10/15 [00:07<00:05,  1.17s/it]/content/drive/MyDrive/Yolo_Object-Detection/yolov5/train.py:412: FutureWarning: `torch.cuda.amp.autocast(args...)` is deprecated. Please use `torch.amp.autocast('cuda', args...)` instead.
  with torch.cuda.amp.autocast(amp):
      37/49      5.52G      0.029    0.02219   0.004935         85        736:  73% 11/15 [00:09<00:04,  1.21s/it]/content/drive/MyDrive/Yolo_Object-Detection/yolov5/train.py:412: FutureWarning: `torch.cuda.amp.autocast(args...)` is deprecated. Please use `torch.amp.autocast('cuda', args...)` instead.
  with torch.cuda.amp.autocast(amp):
      37/49      5.52G    0.02882    0.02264   0.004708         89        736:  80% 12/15 [00:10<00:03,  1.31s/it]/content/drive/MyDrive/Yolo_Object-Detection/yolov5/train.py:412: FutureWarning: `torch.cuda.amp.autocast(args...)` is deprecated. Please use `torch.amp.autocast('cuda', args...)` instead.
  with torch.cuda.amp.autocast(amp):
      37/49      5.52G    0.02892    0.02272   0.004495         76        736:  87% 13/15 [00:11<00:02,  1.24s/it]/content/drive/MyDrive/Yolo_Object-Detection/yolov5/train.py:412: FutureWarning: `torch.cuda.amp.autocast(args...)` is deprecated. Please use `torch.amp.autocast('cuda', args...)` instead.
  with torch.cuda.amp.autocast(amp):
      37/49      5.52G    0.02799    0.02243   0.004257         64        736:  93% 14/15 [00:13<00:01,  1.42s/it]/content/drive/MyDrive/Yolo_Object-Detection/yolov5/train.py:412: FutureWarning: `torch.cuda.amp.autocast(args...)` is deprecated. Please use `torch.amp.autocast('cuda', args...)` instead.
  with torch.cuda.amp.autocast(amp):
      37/49      5.52G    0.02823    0.02271   0.004501         74        736: 100% 15/15 [00:14<00:00,  1.07it/s]
                 Class     Images  Instances          P          R      mAP50   mAP50-95: 100% 2/2 [00:01<00:00,  1.23it/s]
                   all         59        112      0.787      0.851      0.874      0.603

      Epoch    GPU_mem   box_loss   obj_loss   cls_loss  Instances       Size
  0% 0/15 [00:00<?, ?it/s]/content/drive/MyDrive/Yolo_Object-Detection/yolov5/train.py:412: FutureWarning: `torch.cuda.amp.autocast(args...)` is deprecated. Please use `torch.amp.autocast('cuda', args...)` instead.
  with torch.cuda.amp.autocast(amp):
      38/49      5.52G    0.02529    0.02215    0.00834         65        736:   7% 1/15 [00:00<00:04,  3.03it/s]/content/drive/MyDrive/Yolo_Object-Detection/yolov5/train.py:412: FutureWarning: `torch.cuda.amp.autocast(args...)` is deprecated. Please use `torch.amp.autocast('cuda', args...)` instead.
  with torch.cuda.amp.autocast(amp):
      38/49      5.52G    0.02089    0.02023   0.005923         63        736:  13% 2/15 [00:00<00:04,  3.05it/s]/content/drive/MyDrive/Yolo_Object-Detection/yolov5/train.py:412: FutureWarning: `torch.cuda.amp.autocast(args...)` is deprecated. Please use `torch.amp.autocast('cuda', args...)` instead.
  with torch.cuda.amp.autocast(amp):
      38/49      5.52G    0.02514    0.02121   0.005183         71        736:  20% 3/15 [00:01<00:07,  1.57it/s]/content/drive/MyDrive/Yolo_Object-Detection/yolov5/train.py:412: FutureWarning: `torch.cuda.amp.autocast(args...)` is deprecated. Please use `torch.amp.autocast('cuda', args...)` instead.
  with torch.cuda.amp.autocast(amp):
      38/49      5.52G     0.0254    0.02005   0.004394         55        736:  27% 4/15 [00:01<00:05,  1.96it/s]/content/drive/MyDrive/Yolo_Object-Detection/yolov5/train.py:412: FutureWarning: `torch.cuda.amp.autocast(args...)` is deprecated. Please use `torch.amp.autocast('cuda', args...)` instead.
  with torch.cuda.amp.autocast(amp):
      38/49      5.52G    0.02624    0.02072   0.004471         69        736:  33% 5/15 [00:03<00:08,  1.19it/s]/content/drive/MyDrive/Yolo_Object-Detection/yolov5/train.py:412: FutureWarning: `torch.cuda.amp.autocast(args...)` is deprecated. Please use `torch.amp.autocast('cuda', args...)` instead.
  with torch.cuda.amp.autocast(amp):
      38/49      5.52G    0.02742    0.02144   0.004403         77        736:  40% 6/15 [00:03<00:06,  1.49it/s]/content/drive/MyDrive/Yolo_Object-Detection/yolov5/train.py:412: FutureWarning: `torch.cuda.amp.autocast(args...)` is deprecated. Please use `torch.amp.autocast('cuda', args...)` instead.
  with torch.cuda.amp.autocast(amp):
      38/49      5.52G    0.03122    0.02203    0.00422         85        736:  47% 7/15 [00:04<00:06,  1.27it/s]/content/drive/MyDrive/Yolo_Object-Detection/yolov5/train.py:412: FutureWarning: `torch.cuda.amp.autocast(args...)` is deprecated. Please use `torch.amp.autocast('cuda', args...)` instead.
  with torch.cuda.amp.autocast(amp):
      38/49      5.52G    0.03192    0.02251   0.004368         83        736:  53% 8/15 [00:05<00:04,  1.60it/s]/content/drive/MyDrive/Yolo_Object-Detection/yolov5/train.py:412: FutureWarning: `torch.cuda.amp.autocast(args...)` is deprecated. Please use `torch.amp.autocast('cuda', args...)` instead.
  with torch.cuda.amp.autocast(amp):
      38/49      5.52G    0.03331    0.02236   0.004516         64        736:  60% 9/15 [00:06<00:05,  1.19it/s]/content/drive/MyDrive/Yolo_Object-Detection/yolov5/train.py:412: FutureWarning: `torch.cuda.amp.autocast(args...)` is deprecated. Please use `torch.amp.autocast('cuda', args...)` instead.
  with torch.cuda.amp.autocast(amp):
      38/49      5.52G    0.03325    0.02217   0.004596         65        736:  67% 10/15 [00:06<00:03,  1.45it/s]/content/drive/MyDrive/Yolo_Object-Detection/yolov5/train.py:412: FutureWarning: `torch.cuda.amp.autocast(args...)` is deprecated. Please use `torch.amp.autocast('cuda', args...)` instead.
  with torch.cuda.amp.autocast(amp):
      38/49      5.52G    0.03288    0.02219   0.004434         65        736:  73% 11/15 [00:09<00:04,  1.21s/it]/content/drive/MyDrive/Yolo_Object-Detection/yolov5/train.py:412: FutureWarning: `torch.cuda.amp.autocast(args...)` is deprecated. Please use `torch.amp.autocast('cuda', args...)` instead.
  with torch.cuda.amp.autocast(amp):
      38/49      5.52G    0.03277    0.02182   0.004592         53        736:  80% 12/15 [00:09<00:02,  1.04it/s]/content/drive/MyDrive/Yolo_Object-Detection/yolov5/train.py:412: FutureWarning: `torch.cuda.amp.autocast(args...)` is deprecated. Please use `torch.amp.autocast('cuda', args...)` instead.
  with torch.cuda.amp.autocast(amp):
      38/49      5.52G    0.03206    0.02185   0.004453         77        736:  87% 13/15 [00:12<00:02,  1.43s/it]/content/drive/MyDrive/Yolo_Object-Detection/yolov5/train.py:412: FutureWarning: `torch.cuda.amp.autocast(args...)` is deprecated. Please use `torch.amp.autocast('cuda', args...)` instead.
  with torch.cuda.amp.autocast(amp):
      38/49      5.52G    0.03107    0.02217   0.004297         78        736:  93% 14/15 [00:12<00:01,  1.13s/it]/content/drive/MyDrive/Yolo_Object-Detection/yolov5/train.py:412: FutureWarning: `torch.cuda.amp.autocast(args...)` is deprecated. Please use `torch.amp.autocast('cuda', args...)` instead.
  with torch.cuda.amp.autocast(amp):
      38/49      5.52G    0.03019    0.02224   0.004192         69        736: 100% 15/15 [00:15<00:00,  1.01s/it]
                 Class     Images  Instances          P          R      mAP50   mAP50-95: 100% 2/2 [00:01<00:00,  1.05it/s]
                   all         59        112      0.783      0.822      0.859      0.609

      Epoch    GPU_mem   box_loss   obj_loss   cls_loss  Instances       Size
  0% 0/15 [00:00<?, ?it/s]/content/drive/MyDrive/Yolo_Object-Detection/yolov5/train.py:412: FutureWarning: `torch.cuda.amp.autocast(args...)` is deprecated. Please use `torch.amp.autocast('cuda', args...)` instead.
  with torch.cuda.amp.autocast(amp):
      39/49      5.52G    0.03008    0.02102   0.002688         74        736:   7% 1/15 [00:00<00:04,  3.28it/s]/content/drive/MyDrive/Yolo_Object-Detection/yolov5/train.py:412: FutureWarning: `torch.cuda.amp.autocast(args...)` is deprecated. Please use `torch.amp.autocast('cuda', args...)` instead.
  with torch.cuda.amp.autocast(amp):
      39/49      5.52G    0.02659    0.02343   0.001921         79        736:  13% 2/15 [00:00<00:03,  3.43it/s]/content/drive/MyDrive/Yolo_Object-Detection/yolov5/train.py:412: FutureWarning: `torch.cuda.amp.autocast(args...)` is deprecated. Please use `torch.amp.autocast('cuda', args...)` instead.
  with torch.cuda.amp.autocast(amp):
      39/49      5.52G    0.02629    0.02151   0.002728         64        736:  20% 3/15 [00:00<00:03,  3.33it/s]/content/drive/MyDrive/Yolo_Object-Detection/yolov5/train.py:412: FutureWarning: `torch.cuda.amp.autocast(args...)` is deprecated. Please use `torch.amp.autocast('cuda', args...)` instead.
  with torch.cuda.amp.autocast(amp):
      39/49      5.52G    0.02446    0.02093   0.002805         61        736:  27% 4/15 [00:02<00:07,  1.54it/s]/content/drive/MyDrive/Yolo_Object-Detection/yolov5/train.py:412: FutureWarning: `torch.cuda.amp.autocast(args...)` is deprecated. Please use `torch.amp.autocast('cuda', args...)` instead.
  with torch.cuda.amp.autocast(amp):
      39/49      5.52G    0.02742    0.02229   0.003581         85        736:  33% 5/15 [00:02<00:05,  1.90it/s]/content/drive/MyDrive/Yolo_Object-Detection/yolov5/train.py:412: FutureWarning: `torch.cuda.amp.autocast(args...)` is deprecated. Please use `torch.amp.autocast('cuda', args...)` instead.
  with torch.cuda.amp.autocast(amp):
      39/49      5.52G    0.02608    0.02208   0.003196         66        736:  40% 6/15 [00:03<00:06,  1.29it/s]/content/drive/MyDrive/Yolo_Object-Detection/yolov5/train.py:412: FutureWarning: `torch.cuda.amp.autocast(args...)` is deprecated. Please use `torch.amp.autocast('cuda', args...)` instead.
  with torch.cuda.amp.autocast(amp):
      39/49      5.52G    0.02744    0.02295   0.003498         81        736:  47% 7/15 [00:04<00:05,  1.56it/s]/content/drive/MyDrive/Yolo_Object-Detection/yolov5/train.py:412: FutureWarning: `torch.cuda.amp.autocast(args...)` is deprecated. Please use `torch.amp.autocast('cuda', args...)` instead.
  with torch.cuda.amp.autocast(amp):
      39/49      5.52G     0.0277    0.02288   0.003724         73        736:  53% 8/15 [00:05<00:05,  1.22it/s]/content/drive/MyDrive/Yolo_Object-Detection/yolov5/train.py:412: FutureWarning: `torch.cuda.amp.autocast(args...)` is deprecated. Please use `torch.amp.autocast('cuda', args...)` instead.
  with torch.cuda.amp.autocast(amp):
      39/49      5.52G    0.02771    0.02281   0.003643         66        736:  60% 9/15 [00:05<00:03,  1.51it/s]/content/drive/MyDrive/Yolo_Object-Detection/yolov5/train.py:412: FutureWarning: `torch.cuda.amp.autocast(args...)` is deprecated. Please use `torch.amp.autocast('cuda', args...)` instead.
  with torch.cuda.amp.autocast(amp):
      39/49      5.52G    0.02663    0.02243   0.003453         63        736:  67% 10/15 [00:07<00:04,  1.09it/s]/content/drive/MyDrive/Yolo_Object-Detection/yolov5/train.py:412: FutureWarning: `torch.cuda.amp.autocast(args...)` is deprecated. Please use `torch.amp.autocast('cuda', args...)` instead.
  with torch.cuda.amp.autocast(amp):
      39/49      5.52G    0.02767    0.02198   0.003434         54        736:  73% 11/15 [00:07<00:02,  1.35it/s]/content/drive/MyDrive/Yolo_Object-Detection/yolov5/train.py:412: FutureWarning: `torch.cuda.amp.autocast(args...)` is deprecated. Please use `torch.amp.autocast('cuda', args...)` instead.
  with torch.cuda.amp.autocast(amp):
      39/49      5.52G    0.02758    0.02169   0.003366         67        736:  80% 12/15 [00:08<00:02,  1.06it/s]/content/drive/MyDrive/Yolo_Object-Detection/yolov5/train.py:412: FutureWarning: `torch.cuda.amp.autocast(args...)` is deprecated. Please use `torch.amp.autocast('cuda', args...)` instead.
  with torch.cuda.amp.autocast(amp):
      39/49      5.52G     0.0268    0.02153   0.003691         70        736:  87% 13/15 [00:09<00:01,  1.32it/s]/content/drive/MyDrive/Yolo_Object-Detection/yolov5/train.py:412: FutureWarning: `torch.cuda.amp.autocast(args...)` is deprecated. Please use `torch.amp.autocast('cuda', args...)` instead.
  with torch.cuda.amp.autocast(amp):
      39/49      5.52G    0.02776    0.02155   0.005849         72        736:  93% 14/15 [00:11<00:01,  1.11s/it]/content/drive/MyDrive/Yolo_Object-Detection/yolov5/train.py:412: FutureWarning: `torch.cuda.amp.autocast(args...)` is deprecated. Please use `torch.amp.autocast('cuda', args...)` instead.
  with torch.cuda.amp.autocast(amp):
      39/49      5.52G    0.02859    0.02177   0.005556         74        736: 100% 15/15 [00:11<00:00,  1.31it/s]
                 Class     Images  Instances          P          R      mAP50   mAP50-95: 100% 2/2 [00:02<00:00,  1.27s/it]
                   all         59        112       0.84      0.828      0.886      0.616

      Epoch    GPU_mem   box_loss   obj_loss   cls_loss  Instances       Size
  0% 0/15 [00:00<?, ?it/s]/content/drive/MyDrive/Yolo_Object-Detection/yolov5/train.py:412: FutureWarning: `torch.cuda.amp.autocast(args...)` is deprecated. Please use `torch.amp.autocast('cuda', args...)` instead.
  with torch.cuda.amp.autocast(amp):
      40/49      5.52G    0.04239    0.01711   0.007066         58        736:   7% 1/15 [00:00<00:04,  2.81it/s]/content/drive/MyDrive/Yolo_Object-Detection/yolov5/train.py:412: FutureWarning: `torch.cuda.amp.autocast(args...)` is deprecated. Please use `torch.amp.autocast('cuda', args...)` instead.
  with torch.cuda.amp.autocast(amp):
      40/49      5.52G    0.03451    0.01774   0.008313         55        736:  13% 2/15 [00:00<00:04,  3.23it/s]/content/drive/MyDrive/Yolo_Object-Detection/yolov5/train.py:412: FutureWarning: `torch.cuda.amp.autocast(args...)` is deprecated. Please use `torch.amp.autocast('cuda', args...)` instead.
  with torch.cuda.amp.autocast(amp):
      40/49      5.52G    0.03359     0.0186     0.0104         62        736:  20% 3/15 [00:01<00:06,  2.00it/s]/content/drive/MyDrive/Yolo_Object-Detection/yolov5/train.py:412: FutureWarning: `torch.cuda.amp.autocast(args...)` is deprecated. Please use `torch.amp.autocast('cuda', args...)` instead.
  with torch.cuda.amp.autocast(amp):
      40/49      5.52G    0.03449    0.01912   0.008869         67        736:  27% 4/15 [00:01<00:04,  2.29it/s]/content/drive/MyDrive/Yolo_Object-Detection/yolov5/train.py:412: FutureWarning: `torch.cuda.amp.autocast(args...)` is deprecated. Please use `torch.amp.autocast('cuda', args...)` instead.
  with torch.cuda.amp.autocast(amp):
      40/49      5.52G    0.03518    0.01914    0.01392         60        736:  33% 5/15 [00:03<00:08,  1.20it/s]/content/drive/MyDrive/Yolo_Object-Detection/yolov5/train.py:412: FutureWarning: `torch.cuda.amp.autocast(args...)` is deprecated. Please use `torch.amp.autocast('cuda', args...)` instead.
  with torch.cuda.amp.autocast(amp):
      40/49      5.52G    0.03431    0.02009     0.0119         77        736:  40% 6/15 [00:03<00:05,  1.55it/s]/content/drive/MyDrive/Yolo_Object-Detection/yolov5/train.py:412: FutureWarning: `torch.cuda.amp.autocast(args...)` is deprecated. Please use `torch.amp.autocast('cuda', args...)` instead.
  with torch.cuda.amp.autocast(amp):
      40/49      5.52G    0.03531    0.02058     0.0136         78        736:  47% 7/15 [00:04<00:06,  1.22it/s]/content/drive/MyDrive/Yolo_Object-Detection/yolov5/train.py:412: FutureWarning: `torch.cuda.amp.autocast(args...)` is deprecated. Please use `torch.amp.autocast('cuda', args...)` instead.
  with torch.cuda.amp.autocast(amp):
      40/49      5.52G    0.03306    0.02107    0.01443         73        736:  53% 8/15 [00:05<00:04,  1.49it/s]/content/drive/MyDrive/Yolo_Object-Detection/yolov5/train.py:412: FutureWarning: `torch.cuda.amp.autocast(args...)` is deprecated. Please use `torch.amp.autocast('cuda', args...)` instead.
  with torch.cuda.amp.autocast(amp):
      40/49      5.52G    0.03321    0.02184    0.01302         84        736:  60% 9/15 [00:06<00:04,  1.25it/s]/content/drive/MyDrive/Yolo_Object-Detection/yolov5/train.py:412: FutureWarning: `torch.cuda.amp.autocast(args...)` is deprecated. Please use `torch.amp.autocast('cuda', args...)` instead.
  with torch.cuda.amp.autocast(amp):
      40/49      5.52G     0.0328    0.02184     0.0119         70        736:  67% 10/15 [00:06<00:03,  1.56it/s]/content/drive/MyDrive/Yolo_Object-Detection/yolov5/train.py:412: FutureWarning: `torch.cuda.amp.autocast(args...)` is deprecated. Please use `torch.amp.autocast('cuda', args...)` instead.
  with torch.cuda.amp.autocast(amp):
      40/49      5.52G    0.03243    0.02199     0.0111         70        736:  73% 11/15 [00:08<00:03,  1.02it/s]/content/drive/MyDrive/Yolo_Object-Detection/yolov5/train.py:412: FutureWarning: `torch.cuda.amp.autocast(args...)` is deprecated. Please use `torch.amp.autocast('cuda', args...)` instead.
  with torch.cuda.amp.autocast(amp):
      40/49      5.52G    0.03119    0.02183    0.01078         62        736:  80% 12/15 [00:08<00:02,  1.27it/s]/content/drive/MyDrive/Yolo_Object-Detection/yolov5/train.py:412: FutureWarning: `torch.cuda.amp.autocast(args...)` is deprecated. Please use `torch.amp.autocast('cuda', args...)` instead.
  with torch.cuda.amp.autocast(amp):
      40/49      5.52G    0.03191    0.02175    0.01038         67        736:  87% 13/15 [00:09<00:01,  1.02it/s]/content/drive/MyDrive/Yolo_Object-Detection/yolov5/train.py:412: FutureWarning: `torch.cuda.amp.autocast(args...)` is deprecated. Please use `torch.amp.autocast('cuda', args...)` instead.
  with torch.cuda.amp.autocast(amp):
      40/49      5.52G    0.03188    0.02181    0.01008         69        736:  93% 14/15 [00:10<00:00,  1.30it/s]/content/drive/MyDrive/Yolo_Object-Detection/yolov5/train.py:412: FutureWarning: `torch.cuda.amp.autocast(args...)` is deprecated. Please use `torch.amp.autocast('cuda', args...)` instead.
  with torch.cuda.amp.autocast(amp):
      40/49      5.52G    0.03084    0.02152   0.009565         67        736: 100% 15/15 [00:12<00:00,  1.18it/s]
                 Class     Images  Instances          P          R      mAP50   mAP50-95: 100% 2/2 [00:02<00:00,  1.13s/it]
                   all         59        112      0.796      0.876      0.892      0.629

      Epoch    GPU_mem   box_loss   obj_loss   cls_loss  Instances       Size
  0% 0/15 [00:00<?, ?it/s]/content/drive/MyDrive/Yolo_Object-Detection/yolov5/train.py:412: FutureWarning: `torch.cuda.amp.autocast(args...)` is deprecated. Please use `torch.amp.autocast('cuda', args...)` instead.
  with torch.cuda.amp.autocast(amp):
      41/49      5.52G    0.03424    0.02995   0.001979         85        736:   7% 1/15 [00:00<00:05,  2.52it/s]/content/drive/MyDrive/Yolo_Object-Detection/yolov5/train.py:412: FutureWarning: `torch.cuda.amp.autocast(args...)` is deprecated. Please use `torch.amp.autocast('cuda', args...)` instead.
  with torch.cuda.amp.autocast(amp):
      41/49      5.52G     0.0306    0.02955   0.002113         90        736:  13% 2/15 [00:00<00:04,  3.07it/s]/content/drive/MyDrive/Yolo_Object-Detection/yolov5/train.py:412: FutureWarning: `torch.cuda.amp.autocast(args...)` is deprecated. Please use `torch.amp.autocast('cuda', args...)` instead.
  with torch.cuda.amp.autocast(amp):
      41/49      5.52G    0.03095    0.02611   0.003933         64        736:  20% 3/15 [00:01<00:04,  2.95it/s]/content/drive/MyDrive/Yolo_Object-Detection/yolov5/train.py:412: FutureWarning: `torch.cuda.amp.autocast(args...)` is deprecated. Please use `torch.amp.autocast('cuda', args...)` instead.
  with torch.cuda.amp.autocast(amp):
      41/49      5.52G    0.03201    0.02507   0.004219         70        736:  27% 4/15 [00:02<00:10,  1.02it/s]/content/drive/MyDrive/Yolo_Object-Detection/yolov5/train.py:412: FutureWarning: `torch.cuda.amp.autocast(args...)` is deprecated. Please use `torch.amp.autocast('cuda', args...)` instead.
  with torch.cuda.amp.autocast(amp):
      41/49      5.52G    0.03282    0.02404   0.003925         63        736:  33% 5/15 [00:03<00:07,  1.34it/s]/content/drive/MyDrive/Yolo_Object-Detection/yolov5/train.py:412: FutureWarning: `torch.cuda.amp.autocast(args...)` is deprecated. Please use `torch.amp.autocast('cuda', args...)` instead.
  with torch.cuda.amp.autocast(amp):
      41/49      5.52G    0.03034    0.02433   0.003403         83        736:  40% 6/15 [00:04<00:07,  1.14it/s]/content/drive/MyDrive/Yolo_Object-Detection/yolov5/train.py:412: FutureWarning: `torch.cuda.amp.autocast(args...)` is deprecated. Please use `torch.amp.autocast('cuda', args...)` instead.
  with torch.cuda.amp.autocast(amp):
      41/49      5.52G    0.03057    0.02367   0.003969         60        736:  47% 7/15 [00:04<00:05,  1.45it/s]/content/drive/MyDrive/Yolo_Object-Detection/yolov5/train.py:412: FutureWarning: `torch.cuda.amp.autocast(args...)` is deprecated. Please use `torch.amp.autocast('cuda', args...)` instead.
  with torch.cuda.amp.autocast(amp):
      41/49      5.52G    0.03075    0.02321   0.003752         70        736:  53% 8/15 [00:06<00:06,  1.11it/s]/content/drive/MyDrive/Yolo_Object-Detection/yolov5/train.py:412: FutureWarning: `torch.cuda.amp.autocast(args...)` is deprecated. Please use `torch.amp.autocast('cuda', args...)` instead.
  with torch.cuda.amp.autocast(amp):
      41/49      5.52G    0.02902    0.02282   0.003456         66        736:  60% 9/15 [00:06<00:04,  1.34it/s]/content/drive/MyDrive/Yolo_Object-Detection/yolov5/train.py:412: FutureWarning: `torch.cuda.amp.autocast(args...)` is deprecated. Please use `torch.amp.autocast('cuda', args...)` instead.
  with torch.cuda.amp.autocast(amp):
      41/49      5.52G    0.02974    0.02317   0.003492         84        736:  67% 10/15 [00:07<00:04,  1.15it/s]/content/drive/MyDrive/Yolo_Object-Detection/yolov5/train.py:412: FutureWarning: `torch.cuda.amp.autocast(args...)` is deprecated. Please use `torch.amp.autocast('cuda', args...)` instead.
  with torch.cuda.amp.autocast(amp):
      41/49      5.52G    0.02939    0.02356   0.005156         90        736:  73% 11/15 [00:07<00:02,  1.43it/s]/content/drive/MyDrive/Yolo_Object-Detection/yolov5/train.py:412: FutureWarning: `torch.cuda.amp.autocast(args...)` is deprecated. Please use `torch.amp.autocast('cuda', args...)` instead.
  with torch.cuda.amp.autocast(amp):
      41/49      5.52G    0.02926    0.02368   0.005253         76        736:  80% 12/15 [00:09<00:03,  1.04s/it]/content/drive/MyDrive/Yolo_Object-Detection/yolov5/train.py:412: FutureWarning: `torch.cuda.amp.autocast(args...)` is deprecated. Please use `torch.amp.autocast('cuda', args...)` instead.
  with torch.cuda.amp.autocast(amp):
      41/49      5.52G    0.02873    0.02378   0.005146         78        736:  87% 13/15 [00:10<00:01,  1.20it/s]/content/drive/MyDrive/Yolo_Object-Detection/yolov5/train.py:412: FutureWarning: `torch.cuda.amp.autocast(args...)` is deprecated. Please use `torch.amp.autocast('cuda', args...)` instead.
  with torch.cuda.amp.autocast(amp):
      41/49      5.52G    0.02867    0.02361   0.005422         60        736:  93% 14/15 [00:11<00:00,  1.11it/s]/content/drive/MyDrive/Yolo_Object-Detection/yolov5/train.py:412: FutureWarning: `torch.cuda.amp.autocast(args...)` is deprecated. Please use `torch.amp.autocast('cuda', args...)` instead.
  with torch.cuda.amp.autocast(amp):
      41/49      5.52G    0.02886    0.02312   0.005145         53        736: 100% 15/15 [00:11<00:00,  1.30it/s]
                 Class     Images  Instances          P          R      mAP50   mAP50-95: 100% 2/2 [00:01<00:00,  1.14it/s]
                   all         59        112      0.797      0.865      0.883       0.63

      Epoch    GPU_mem   box_loss   obj_loss   cls_loss  Instances       Size
  0% 0/15 [00:00<?, ?it/s]/content/drive/MyDrive/Yolo_Object-Detection/yolov5/train.py:412: FutureWarning: `torch.cuda.amp.autocast(args...)` is deprecated. Please use `torch.amp.autocast('cuda', args...)` instead.
  with torch.cuda.amp.autocast(amp):
      42/49      5.52G    0.01989    0.02139   0.001241         63        736:   7% 1/15 [00:00<00:05,  2.65it/s]/content/drive/MyDrive/Yolo_Object-Detection/yolov5/train.py:412: FutureWarning: `torch.cuda.amp.autocast(args...)` is deprecated. Please use `torch.amp.autocast('cuda', args...)` instead.
  with torch.cuda.amp.autocast(amp):
      42/49      5.52G     0.0177    0.01999   0.002843         69        736:  13% 2/15 [00:00<00:04,  2.69it/s]/content/drive/MyDrive/Yolo_Object-Detection/yolov5/train.py:412: FutureWarning: `torch.cuda.amp.autocast(args...)` is deprecated. Please use `torch.amp.autocast('cuda', args...)` instead.
  with torch.cuda.amp.autocast(amp):
      42/49      5.52G    0.01673    0.01918   0.003205         64        736:  20% 3/15 [00:02<00:11,  1.03it/s]/content/drive/MyDrive/Yolo_Object-Detection/yolov5/train.py:412: FutureWarning: `torch.cuda.amp.autocast(args...)` is deprecated. Please use `torch.amp.autocast('cuda', args...)` instead.
  with torch.cuda.amp.autocast(amp):
      42/49      5.52G    0.02214    0.02008   0.007626         67        736:  27% 4/15 [00:03<00:10,  1.04it/s]/content/drive/MyDrive/Yolo_Object-Detection/yolov5/train.py:412: FutureWarning: `torch.cuda.amp.autocast(args...)` is deprecated. Please use `torch.amp.autocast('cuda', args...)` instead.
  with torch.cuda.amp.autocast(amp):
      42/49      5.52G    0.02403    0.02115    0.00673         79        736:  33% 5/15 [00:04<00:11,  1.18s/it]/content/drive/MyDrive/Yolo_Object-Detection/yolov5/train.py:412: FutureWarning: `torch.cuda.amp.autocast(args...)` is deprecated. Please use `torch.amp.autocast('cuda', args...)` instead.
  with torch.cuda.amp.autocast(amp):
      42/49      5.52G    0.02309    0.02068   0.006181         49        736:  40% 6/15 [00:05<00:09,  1.11s/it]/content/drive/MyDrive/Yolo_Object-Detection/yolov5/train.py:412: FutureWarning: `torch.cuda.amp.autocast(args...)` is deprecated. Please use `torch.amp.autocast('cuda', args...)` instead.
  with torch.cuda.amp.autocast(amp):
      42/49      5.52G    0.02278    0.02131   0.005666         75        736:  47% 7/15 [00:07<00:09,  1.23s/it]/content/drive/MyDrive/Yolo_Object-Detection/yolov5/train.py:412: FutureWarning: `torch.cuda.amp.autocast(args...)` is deprecated. Please use `torch.amp.autocast('cuda', args...)` instead.
  with torch.cuda.amp.autocast(amp):
      42/49      5.52G    0.02212    0.02133   0.005879         59        736:  53% 8/15 [00:07<00:06,  1.05it/s]/content/drive/MyDrive/Yolo_Object-Detection/yolov5/train.py:412: FutureWarning: `torch.cuda.amp.autocast(args...)` is deprecated. Please use `torch.amp.autocast('cuda', args...)` instead.
  with torch.cuda.amp.autocast(amp):
      42/49      5.52G    0.02411    0.02157   0.005966         88        736:  60% 9/15 [00:09<00:06,  1.06s/it]/content/drive/MyDrive/Yolo_Object-Detection/yolov5/train.py:412: FutureWarning: `torch.cuda.amp.autocast(args...)` is deprecated. Please use `torch.amp.autocast('cuda', args...)` instead.
  with torch.cuda.amp.autocast(amp):
      42/49      5.52G    0.02481    0.02181   0.005903         81        736:  67% 10/15 [00:09<00:04,  1.20it/s]/content/drive/MyDrive/Yolo_Object-Detection/yolov5/train.py:412: FutureWarning: `torch.cuda.amp.autocast(args...)` is deprecated. Please use `torch.amp.autocast('cuda', args...)` instead.
  with torch.cuda.amp.autocast(amp):
      42/49      5.52G    0.02555    0.02228   0.005967         80        736:  73% 11/15 [00:10<00:03,  1.14it/s]/content/drive/MyDrive/Yolo_Object-Detection/yolov5/train.py:412: FutureWarning: `torch.cuda.amp.autocast(args...)` is deprecated. Please use `torch.amp.autocast('cuda', args...)` instead.
  with torch.cuda.amp.autocast(amp):
      42/49      5.52G    0.02577      0.022   0.005686         66        736:  80% 12/15 [00:10<00:02,  1.34it/s]/content/drive/MyDrive/Yolo_Object-Detection/yolov5/train.py:412: FutureWarning: `torch.cuda.amp.autocast(args...)` is deprecated. Please use `torch.amp.autocast('cuda', args...)` instead.
  with torch.cuda.amp.autocast(amp):
      42/49      5.52G    0.02672    0.02246   0.005773         92        736:  87% 13/15 [00:11<00:01,  1.21it/s]/content/drive/MyDrive/Yolo_Object-Detection/yolov5/train.py:412: FutureWarning: `torch.cuda.amp.autocast(args...)` is deprecated. Please use `torch.amp.autocast('cuda', args...)` instead.
  with torch.cuda.amp.autocast(amp):
      42/49      5.52G     0.0271    0.02244   0.005628         75        736:  93% 14/15 [00:12<00:00,  1.37it/s]/content/drive/MyDrive/Yolo_Object-Detection/yolov5/train.py:412: FutureWarning: `torch.cuda.amp.autocast(args...)` is deprecated. Please use `torch.amp.autocast('cuda', args...)` instead.
  with torch.cuda.amp.autocast(amp):
      42/49      5.52G    0.02773    0.02249   0.005457         77        736: 100% 15/15 [00:13<00:00,  1.14it/s]
                 Class     Images  Instances          P          R      mAP50   mAP50-95: 100% 2/2 [00:01<00:00,  1.79it/s]
                   all         59        112      0.785      0.885       0.88      0.619

      Epoch    GPU_mem   box_loss   obj_loss   cls_loss  Instances       Size
  0% 0/15 [00:00<?, ?it/s]/content/drive/MyDrive/Yolo_Object-Detection/yolov5/train.py:412: FutureWarning: `torch.cuda.amp.autocast(args...)` is deprecated. Please use `torch.amp.autocast('cuda', args...)` instead.
  with torch.cuda.amp.autocast(amp):
      43/49      5.52G    0.02947    0.02198   0.001681         73        736:   7% 1/15 [00:00<00:04,  2.91it/s]/content/drive/MyDrive/Yolo_Object-Detection/yolov5/train.py:412: FutureWarning: `torch.cuda.amp.autocast(args...)` is deprecated. Please use `torch.amp.autocast('cuda', args...)` instead.
  with torch.cuda.amp.autocast(amp):
      43/49      5.52G    0.03184    0.02013   0.002987         67        736:  13% 2/15 [00:00<00:04,  3.09it/s]/content/drive/MyDrive/Yolo_Object-Detection/yolov5/train.py:412: FutureWarning: `torch.cuda.amp.autocast(args...)` is deprecated. Please use `torch.amp.autocast('cuda', args...)` instead.
  with torch.cuda.amp.autocast(amp):
      43/49      5.52G    0.02652    0.02305   0.002803         93        736:  20% 3/15 [00:01<00:04,  2.85it/s]/content/drive/MyDrive/Yolo_Object-Detection/yolov5/train.py:412: FutureWarning: `torch.cuda.amp.autocast(args...)` is deprecated. Please use `torch.amp.autocast('cuda', args...)` instead.
  with torch.cuda.amp.autocast(amp):
      43/49      5.52G    0.02837    0.02282   0.003301         77        736:  27% 4/15 [00:02<00:07,  1.39it/s]/content/drive/MyDrive/Yolo_Object-Detection/yolov5/train.py:412: FutureWarning: `torch.cuda.amp.autocast(args...)` is deprecated. Please use `torch.amp.autocast('cuda', args...)` instead.
  with torch.cuda.amp.autocast(amp):
      43/49      5.52G    0.02764    0.02238   0.002988         60        736:  33% 5/15 [00:03<00:08,  1.14it/s]/content/drive/MyDrive/Yolo_Object-Detection/yolov5/train.py:412: FutureWarning: `torch.cuda.amp.autocast(args...)` is deprecated. Please use `torch.amp.autocast('cuda', args...)` instead.
  with torch.cuda.amp.autocast(amp):
      43/49      5.52G    0.02778    0.02253   0.003381         75        736:  40% 6/15 [00:04<00:09,  1.01s/it]/content/drive/MyDrive/Yolo_Object-Detection/yolov5/train.py:412: FutureWarning: `torch.cuda.amp.autocast(args...)` is deprecated. Please use `torch.amp.autocast('cuda', args...)` instead.
  with torch.cuda.amp.autocast(amp):
      43/49      5.52G    0.02873    0.02269    0.00396         79        736:  47% 7/15 [00:05<00:06,  1.16it/s]/content/drive/MyDrive/Yolo_Object-Detection/yolov5/train.py:412: FutureWarning: `torch.cuda.amp.autocast(args...)` is deprecated. Please use `torch.amp.autocast('cuda', args...)` instead.
  with torch.cuda.amp.autocast(amp):
      43/49      5.52G    0.02726    0.02295   0.003763         72        736:  53% 8/15 [00:07<00:09,  1.38s/it]/content/drive/MyDrive/Yolo_Object-Detection/yolov5/train.py:412: FutureWarning: `torch.cuda.amp.autocast(args...)` is deprecated. Please use `torch.amp.autocast('cuda', args...)` instead.
  with torch.cuda.amp.autocast(amp):
      43/49      5.52G    0.02599    0.02256    0.00346         68        736:  60% 9/15 [00:08<00:06,  1.06s/it]/content/drive/MyDrive/Yolo_Object-Detection/yolov5/train.py:412: FutureWarning: `torch.cuda.amp.autocast(args...)` is deprecated. Please use `torch.amp.autocast('cuda', args...)` instead.
  with torch.cuda.amp.autocast(amp):
      43/49      5.52G    0.02745    0.02206   0.003458         56        736:  67% 10/15 [00:10<00:07,  1.50s/it]/content/drive/MyDrive/Yolo_Object-Detection/yolov5/train.py:412: FutureWarning: `torch.cuda.amp.autocast(args...)` is deprecated. Please use `torch.amp.autocast('cuda', args...)` instead.
  with torch.cuda.amp.autocast(amp):
      43/49      5.52G    0.02773    0.02262   0.003788         88        736:  73% 11/15 [00:10<00:04,  1.14s/it]/content/drive/MyDrive/Yolo_Object-Detection/yolov5/train.py:412: FutureWarning: `torch.cuda.amp.autocast(args...)` is deprecated. Please use `torch.amp.autocast('cuda', args...)` instead.
  with torch.cuda.amp.autocast(amp):
      43/49      5.52G    0.02758    0.02266   0.003643         71        736:  80% 12/15 [00:12<00:03,  1.16s/it]/content/drive/MyDrive/Yolo_Object-Detection/yolov5/train.py:412: FutureWarning: `torch.cuda.amp.autocast(args...)` is deprecated. Please use `torch.amp.autocast('cuda', args...)` instead.
  with torch.cuda.amp.autocast(amp):
      43/49      5.52G    0.03049    0.02218   0.003609         58        736:  87% 13/15 [00:12<00:01,  1.11it/s]/content/drive/MyDrive/Yolo_Object-Detection/yolov5/train.py:412: FutureWarning: `torch.cuda.amp.autocast(args...)` is deprecated. Please use `torch.amp.autocast('cuda', args...)` instead.
  with torch.cuda.amp.autocast(amp):
      43/49      5.52G    0.03046    0.02245    0.00353         88        736:  93% 14/15 [00:13<00:00,  1.05it/s]/content/drive/MyDrive/Yolo_Object-Detection/yolov5/train.py:412: FutureWarning: `torch.cuda.amp.autocast(args...)` is deprecated. Please use `torch.amp.autocast('cuda', args...)` instead.
  with torch.cuda.amp.autocast(amp):
      43/49      5.52G    0.03063    0.02205   0.003761         53        736: 100% 15/15 [00:13<00:00,  1.08it/s]
                 Class     Images  Instances          P          R      mAP50   mAP50-95: 100% 2/2 [00:01<00:00,  1.59it/s]
                   all         59        112      0.818      0.862      0.883      0.619

      Epoch    GPU_mem   box_loss   obj_loss   cls_loss  Instances       Size
  0% 0/15 [00:00<?, ?it/s]/content/drive/MyDrive/Yolo_Object-Detection/yolov5/train.py:412: FutureWarning: `torch.cuda.amp.autocast(args...)` is deprecated. Please use `torch.amp.autocast('cuda', args...)` instead.
  with torch.cuda.amp.autocast(amp):
      44/49      5.52G    0.01551    0.02522   0.003619         72        736:   7% 1/15 [00:00<00:04,  2.99it/s]/content/drive/MyDrive/Yolo_Object-Detection/yolov5/train.py:412: FutureWarning: `torch.cuda.amp.autocast(args...)` is deprecated. Please use `torch.amp.autocast('cuda', args...)` instead.
  with torch.cuda.amp.autocast(amp):
      44/49      5.52G    0.02586    0.02284    0.00318         74        736:  13% 2/15 [00:00<00:04,  3.03it/s]/content/drive/MyDrive/Yolo_Object-Detection/yolov5/train.py:412: FutureWarning: `torch.cuda.amp.autocast(args...)` is deprecated. Please use `torch.amp.autocast('cuda', args...)` instead.
  with torch.cuda.amp.autocast(amp):
      44/49      5.52G    0.02316    0.02208   0.005916         61        736:  20% 3/15 [00:01<00:06,  1.80it/s]/content/drive/MyDrive/Yolo_Object-Detection/yolov5/train.py:412: FutureWarning: `torch.cuda.amp.autocast(args...)` is deprecated. Please use `torch.amp.autocast('cuda', args...)` instead.
  with torch.cuda.amp.autocast(amp):
      44/49      5.52G    0.02485    0.02184   0.005568         72        736:  27% 4/15 [00:02<00:06,  1.75it/s]/content/drive/MyDrive/Yolo_Object-Detection/yolov5/train.py:412: FutureWarning: `torch.cuda.amp.autocast(args...)` is deprecated. Please use `torch.amp.autocast('cuda', args...)` instead.
  with torch.cuda.amp.autocast(amp):
      44/49      5.52G    0.02319    0.02126   0.005002         64        736:  33% 5/15 [00:02<00:06,  1.55it/s]/content/drive/MyDrive/Yolo_Object-Detection/yolov5/train.py:412: FutureWarning: `torch.cuda.amp.autocast(args...)` is deprecated. Please use `torch.amp.autocast('cuda', args...)` instead.
  with torch.cuda.amp.autocast(amp):
      44/49      5.52G     0.0233    0.02161   0.004752         74        736:  40% 6/15 [00:03<00:05,  1.52it/s]/content/drive/MyDrive/Yolo_Object-Detection/yolov5/train.py:412: FutureWarning: `torch.cuda.amp.autocast(args...)` is deprecated. Please use `torch.amp.autocast('cuda', args...)` instead.
  with torch.cuda.amp.autocast(amp):
      44/49      5.52G    0.02412     0.0236   0.004576        103        736:  47% 7/15 [00:04<00:06,  1.30it/s]/content/drive/MyDrive/Yolo_Object-Detection/yolov5/train.py:412: FutureWarning: `torch.cuda.amp.autocast(args...)` is deprecated. Please use `torch.amp.autocast('cuda', args...)` instead.
  with torch.cuda.amp.autocast(amp):
      44/49      5.52G    0.02526     0.0238   0.005572         80        736:  53% 8/15 [00:06<00:07,  1.06s/it]/content/drive/MyDrive/Yolo_Object-Detection/yolov5/train.py:412: FutureWarning: `torch.cuda.amp.autocast(args...)` is deprecated. Please use `torch.amp.autocast('cuda', args...)` instead.
  with torch.cuda.amp.autocast(amp):
      44/49      5.52G    0.02567    0.02334   0.005127         69        736:  60% 9/15 [00:07<00:06,  1.02s/it]/content/drive/MyDrive/Yolo_Object-Detection/yolov5/train.py:412: FutureWarning: `torch.cuda.amp.autocast(args...)` is deprecated. Please use `torch.amp.autocast('cuda', args...)` instead.
  with torch.cuda.amp.autocast(amp):
      44/49      5.52G    0.02638    0.02308   0.005018         72        736:  67% 10/15 [00:09<00:06,  1.29s/it]/content/drive/MyDrive/Yolo_Object-Detection/yolov5/train.py:412: FutureWarning: `torch.cuda.amp.autocast(args...)` is deprecated. Please use `torch.amp.autocast('cuda', args...)` instead.
  with torch.cuda.amp.autocast(amp):
      44/49      5.52G    0.02638    0.02283     0.0049         65        736:  73% 11/15 [00:10<00:05,  1.27s/it]/content/drive/MyDrive/Yolo_Object-Detection/yolov5/train.py:412: FutureWarning: `torch.cuda.amp.autocast(args...)` is deprecated. Please use `torch.amp.autocast('cuda', args...)` instead.
  with torch.cuda.amp.autocast(amp):
      44/49      5.52G    0.02687    0.02277   0.004838         67        736:  80% 12/15 [00:11<00:03,  1.27s/it]/content/drive/MyDrive/Yolo_Object-Detection/yolov5/train.py:412: FutureWarning: `torch.cuda.amp.autocast(args...)` is deprecated. Please use `torch.amp.autocast('cuda', args...)` instead.
  with torch.cuda.amp.autocast(amp):
      44/49      5.52G    0.02802    0.02236   0.005013         61        736:  87% 13/15 [00:12<00:02,  1.20s/it]/content/drive/MyDrive/Yolo_Object-Detection/yolov5/train.py:412: FutureWarning: `torch.cuda.amp.autocast(args...)` is deprecated. Please use `torch.amp.autocast('cuda', args...)` instead.
  with torch.cuda.amp.autocast(amp):
      44/49      5.52G    0.02842    0.02249   0.005043         70        736:  93% 14/15 [00:13<00:01,  1.06s/it]/content/drive/MyDrive/Yolo_Object-Detection/yolov5/train.py:412: FutureWarning: `torch.cuda.amp.autocast(args...)` is deprecated. Please use `torch.amp.autocast('cuda', args...)` instead.
  with torch.cuda.amp.autocast(amp):
      44/49      5.52G    0.02843    0.02235   0.004832         62        736: 100% 15/15 [00:14<00:00,  1.06it/s]
                 Class     Images  Instances          P          R      mAP50   mAP50-95: 100% 2/2 [00:01<00:00,  1.31it/s]
                   all         59        112       0.86      0.829      0.887      0.623

      Epoch    GPU_mem   box_loss   obj_loss   cls_loss  Instances       Size
  0% 0/15 [00:00<?, ?it/s]/content/drive/MyDrive/Yolo_Object-Detection/yolov5/train.py:412: FutureWarning: `torch.cuda.amp.autocast(args...)` is deprecated. Please use `torch.amp.autocast('cuda', args...)` instead.
  with torch.cuda.amp.autocast(amp):
      45/49      5.52G    0.02971    0.01508   0.002352         53        736:   7% 1/15 [00:00<00:05,  2.63it/s]/content/drive/MyDrive/Yolo_Object-Detection/yolov5/train.py:412: FutureWarning: `torch.cuda.amp.autocast(args...)` is deprecated. Please use `torch.amp.autocast('cuda', args...)` instead.
  with torch.cuda.amp.autocast(amp):
      45/49      5.52G    0.02772    0.01923   0.002916         82        736:  13% 2/15 [00:00<00:04,  3.20it/s]/content/drive/MyDrive/Yolo_Object-Detection/yolov5/train.py:412: FutureWarning: `torch.cuda.amp.autocast(args...)` is deprecated. Please use `torch.amp.autocast('cuda', args...)` instead.
  with torch.cuda.amp.autocast(amp):
      45/49      5.52G    0.02403    0.01778   0.002436         52        736:  20% 3/15 [00:01<00:04,  2.86it/s]/content/drive/MyDrive/Yolo_Object-Detection/yolov5/train.py:412: FutureWarning: `torch.cuda.amp.autocast(args...)` is deprecated. Please use `torch.amp.autocast('cuda', args...)` instead.
  with torch.cuda.amp.autocast(amp):
      45/49      5.52G    0.02689    0.01831   0.003021         59        736:  27% 4/15 [00:01<00:05,  1.87it/s]/content/drive/MyDrive/Yolo_Object-Detection/yolov5/train.py:412: FutureWarning: `torch.cuda.amp.autocast(args...)` is deprecated. Please use `torch.amp.autocast('cuda', args...)` instead.
  with torch.cuda.amp.autocast(amp):
      45/49      5.52G    0.02495    0.01815   0.002884         59        736:  33% 5/15 [00:02<00:05,  1.86it/s]/content/drive/MyDrive/Yolo_Object-Detection/yolov5/train.py:412: FutureWarning: `torch.cuda.amp.autocast(args...)` is deprecated. Please use `torch.amp.autocast('cuda', args...)` instead.
  with torch.cuda.amp.autocast(amp):
      45/49      5.52G    0.02762    0.01902   0.002819         71        736:  40% 6/15 [00:03<00:07,  1.23it/s]/content/drive/MyDrive/Yolo_Object-Detection/yolov5/train.py:412: FutureWarning: `torch.cuda.amp.autocast(args...)` is deprecated. Please use `torch.amp.autocast('cuda', args...)` instead.
  with torch.cuda.amp.autocast(amp):
      45/49      5.52G    0.02854    0.02007   0.006078         76        736:  47% 7/15 [00:04<00:05,  1.56it/s]/content/drive/MyDrive/Yolo_Object-Detection/yolov5/train.py:412: FutureWarning: `torch.cuda.amp.autocast(args...)` is deprecated. Please use `torch.amp.autocast('cuda', args...)` instead.
  with torch.cuda.amp.autocast(amp):
      45/49      5.52G    0.02758    0.01981   0.005787         57        736:  53% 8/15 [00:05<00:05,  1.18it/s]/content/drive/MyDrive/Yolo_Object-Detection/yolov5/train.py:412: FutureWarning: `torch.cuda.amp.autocast(args...)` is deprecated. Please use `torch.amp.autocast('cuda', args...)` instead.
  with torch.cuda.amp.autocast(amp):
      45/49      5.52G    0.02816    0.01963   0.005294         68        736:  60% 9/15 [00:05<00:04,  1.39it/s]/content/drive/MyDrive/Yolo_Object-Detection/yolov5/train.py:412: FutureWarning: `torch.cuda.amp.autocast(args...)` is deprecated. Please use `torch.amp.autocast('cuda', args...)` instead.
  with torch.cuda.amp.autocast(amp):
      45/49      5.52G    0.02686    0.01958   0.005104         67        736:  67% 10/15 [00:08<00:06,  1.23s/it]/content/drive/MyDrive/Yolo_Object-Detection/yolov5/train.py:412: FutureWarning: `torch.cuda.amp.autocast(args...)` is deprecated. Please use `torch.amp.autocast('cuda', args...)` instead.
  with torch.cuda.amp.autocast(amp):
      45/49      5.52G    0.02692    0.01981   0.004826         74        736:  73% 11/15 [00:08<00:03,  1.05it/s]/content/drive/MyDrive/Yolo_Object-Detection/yolov5/train.py:412: FutureWarning: `torch.cuda.amp.autocast(args...)` is deprecated. Please use `torch.amp.autocast('cuda', args...)` instead.
  with torch.cuda.amp.autocast(amp):
      45/49      5.52G    0.02603    0.02014    0.00461         78        736:  80% 12/15 [00:10<00:03,  1.27s/it]/content/drive/MyDrive/Yolo_Object-Detection/yolov5/train.py:412: FutureWarning: `torch.cuda.amp.autocast(args...)` is deprecated. Please use `torch.amp.autocast('cuda', args...)` instead.
  with torch.cuda.amp.autocast(amp):
      45/49      5.52G    0.02628    0.02053   0.004445         87        736:  87% 13/15 [00:10<00:02,  1.01s/it]/content/drive/MyDrive/Yolo_Object-Detection/yolov5/train.py:412: FutureWarning: `torch.cuda.amp.autocast(args...)` is deprecated. Please use `torch.amp.autocast('cuda', args...)` instead.
  with torch.cuda.amp.autocast(amp):
      45/49      5.52G    0.02652    0.02044   0.004257         60        736:  93% 14/15 [00:12<00:01,  1.28s/it]/content/drive/MyDrive/Yolo_Object-Detection/yolov5/train.py:412: FutureWarning: `torch.cuda.amp.autocast(args...)` is deprecated. Please use `torch.amp.autocast('cuda', args...)` instead.
  with torch.cuda.amp.autocast(amp):
      45/49      5.52G    0.02643    0.02093   0.004055         80        736: 100% 15/15 [00:13<00:00,  1.14it/s]
                 Class     Images  Instances          P          R      mAP50   mAP50-95: 100% 2/2 [00:02<00:00,  1.34s/it]
                   all         59        112      0.844      0.805      0.888      0.631

      Epoch    GPU_mem   box_loss   obj_loss   cls_loss  Instances       Size
  0% 0/15 [00:00<?, ?it/s]/content/drive/MyDrive/Yolo_Object-Detection/yolov5/train.py:412: FutureWarning: `torch.cuda.amp.autocast(args...)` is deprecated. Please use `torch.amp.autocast('cuda', args...)` instead.
  with torch.cuda.amp.autocast(amp):
      46/49      5.52G    0.01539    0.01853  0.0009212         77        736:   7% 1/15 [00:00<00:04,  2.96it/s]/content/drive/MyDrive/Yolo_Object-Detection/yolov5/train.py:412: FutureWarning: `torch.cuda.amp.autocast(args...)` is deprecated. Please use `torch.amp.autocast('cuda', args...)` instead.
  with torch.cuda.amp.autocast(amp):
      46/49      5.52G    0.03173    0.01914   0.006253         54        736:  13% 2/15 [00:00<00:04,  3.06it/s]/content/drive/MyDrive/Yolo_Object-Detection/yolov5/train.py:412: FutureWarning: `torch.cuda.amp.autocast(args...)` is deprecated. Please use `torch.amp.autocast('cuda', args...)` instead.
  with torch.cuda.amp.autocast(amp):
      46/49      5.52G    0.03127    0.02092   0.005165         70        736:  20% 3/15 [00:01<00:05,  2.23it/s]/content/drive/MyDrive/Yolo_Object-Detection/yolov5/train.py:412: FutureWarning: `torch.cuda.amp.autocast(args...)` is deprecated. Please use `torch.amp.autocast('cuda', args...)` instead.
  with torch.cuda.amp.autocast(amp):
      46/49      5.52G    0.03086    0.02117   0.005209         56        736:  27% 4/15 [00:01<00:04,  2.63it/s]/content/drive/MyDrive/Yolo_Object-Detection/yolov5/train.py:412: FutureWarning: `torch.cuda.amp.autocast(args...)` is deprecated. Please use `torch.amp.autocast('cuda', args...)` instead.
  with torch.cuda.amp.autocast(amp):
      46/49      5.52G    0.02837    0.02051   0.004644         50        736:  33% 5/15 [00:02<00:06,  1.44it/s]/content/drive/MyDrive/Yolo_Object-Detection/yolov5/train.py:412: FutureWarning: `torch.cuda.amp.autocast(args...)` is deprecated. Please use `torch.amp.autocast('cuda', args...)` instead.
  with torch.cuda.amp.autocast(amp):
      46/49      5.52G    0.02656     0.0211   0.004583         75        736:  40% 6/15 [00:03<00:05,  1.74it/s]/content/drive/MyDrive/Yolo_Object-Detection/yolov5/train.py:412: FutureWarning: `torch.cuda.amp.autocast(args...)` is deprecated. Please use `torch.amp.autocast('cuda', args...)` instead.
  with torch.cuda.amp.autocast(amp):
      46/49      5.52G     0.0269    0.02261   0.004517         96        736:  47% 7/15 [00:04<00:05,  1.35it/s]/content/drive/MyDrive/Yolo_Object-Detection/yolov5/train.py:412: FutureWarning: `torch.cuda.amp.autocast(args...)` is deprecated. Please use `torch.amp.autocast('cuda', args...)` instead.
  with torch.cuda.amp.autocast(amp):
      46/49      5.52G    0.02548    0.02178   0.004055         62        736:  53% 8/15 [00:04<00:04,  1.67it/s]/content/drive/MyDrive/Yolo_Object-Detection/yolov5/train.py:412: FutureWarning: `torch.cuda.amp.autocast(args...)` is deprecated. Please use `torch.amp.autocast('cuda', args...)` instead.
  with torch.cuda.amp.autocast(amp):
      46/49      5.52G    0.02617    0.02128   0.005937         61        736:  60% 9/15 [00:05<00:04,  1.30it/s]/content/drive/MyDrive/Yolo_Object-Detection/yolov5/train.py:412: FutureWarning: `torch.cuda.amp.autocast(args...)` is deprecated. Please use `torch.amp.autocast('cuda', args...)` instead.
  with torch.cuda.amp.autocast(amp):
      46/49      5.52G    0.02776    0.02108   0.005886         62        736:  67% 10/15 [00:05<00:03,  1.59it/s]/content/drive/MyDrive/Yolo_Object-Detection/yolov5/train.py:412: FutureWarning: `torch.cuda.amp.autocast(args...)` is deprecated. Please use `torch.amp.autocast('cuda', args...)` instead.
  with torch.cuda.amp.autocast(amp):
      46/49      5.52G    0.02667     0.0211   0.005563         69        736:  73% 11/15 [00:07<00:03,  1.26it/s]/content/drive/MyDrive/Yolo_Object-Detection/yolov5/train.py:412: FutureWarning: `torch.cuda.amp.autocast(args...)` is deprecated. Please use `torch.amp.autocast('cuda', args...)` instead.
  with torch.cuda.amp.autocast(amp):
      46/49      5.52G    0.02629     0.0208   0.005243         49        736:  80% 12/15 [00:07<00:01,  1.53it/s]/content/drive/MyDrive/Yolo_Object-Detection/yolov5/train.py:412: FutureWarning: `torch.cuda.amp.autocast(args...)` is deprecated. Please use `torch.amp.autocast('cuda', args...)` instead.
  with torch.cuda.amp.autocast(amp):
      46/49      5.52G    0.02671    0.02119    0.00509         76        736:  87% 13/15 [00:09<00:02,  1.09s/it]/content/drive/MyDrive/Yolo_Object-Detection/yolov5/train.py:412: FutureWarning: `torch.cuda.amp.autocast(args...)` is deprecated. Please use `torch.amp.autocast('cuda', args...)` instead.
  with torch.cuda.amp.autocast(amp):
      46/49      5.52G    0.02639    0.02138   0.004913         72        736:  93% 14/15 [00:10<00:00,  1.05it/s]/content/drive/MyDrive/Yolo_Object-Detection/yolov5/train.py:412: FutureWarning: `torch.cuda.amp.autocast(args...)` is deprecated. Please use `torch.amp.autocast('cuda', args...)` instead.
  with torch.cuda.amp.autocast(amp):
      46/49      5.52G    0.02659    0.02148   0.004769         73        736: 100% 15/15 [00:11<00:00,  1.26it/s]
                 Class     Images  Instances          P          R      mAP50   mAP50-95: 100% 2/2 [00:02<00:00,  1.26s/it]
                   all         59        112      0.862      0.819       0.91      0.636

      Epoch    GPU_mem   box_loss   obj_loss   cls_loss  Instances       Size
  0% 0/15 [00:00<?, ?it/s]/content/drive/MyDrive/Yolo_Object-Detection/yolov5/train.py:412: FutureWarning: `torch.cuda.amp.autocast(args...)` is deprecated. Please use `torch.amp.autocast('cuda', args...)` instead.
  with torch.cuda.amp.autocast(amp):
      47/49      5.52G    0.02858    0.02114   0.004401         74        736:   7% 1/15 [00:00<00:04,  3.01it/s]/content/drive/MyDrive/Yolo_Object-Detection/yolov5/train.py:412: FutureWarning: `torch.cuda.amp.autocast(args...)` is deprecated. Please use `torch.amp.autocast('cuda', args...)` instead.
  with torch.cuda.amp.autocast(amp):
      47/49      5.52G     0.0285    0.02411     0.0089         83        736:  13% 2/15 [00:00<00:03,  3.27it/s]/content/drive/MyDrive/Yolo_Object-Detection/yolov5/train.py:412: FutureWarning: `torch.cuda.amp.autocast(args...)` is deprecated. Please use `torch.amp.autocast('cuda', args...)` instead.
  with torch.cuda.amp.autocast(amp):
      47/49      5.52G    0.02459    0.02431    0.00651         77        736:  20% 3/15 [00:00<00:03,  3.08it/s]/content/drive/MyDrive/Yolo_Object-Detection/yolov5/train.py:412: FutureWarning: `torch.cuda.amp.autocast(args...)` is deprecated. Please use `torch.amp.autocast('cuda', args...)` instead.
  with torch.cuda.amp.autocast(amp):
      47/49      5.52G    0.02199    0.02328   0.005448         70        736:  27% 4/15 [00:01<00:06,  1.66it/s]/content/drive/MyDrive/Yolo_Object-Detection/yolov5/train.py:412: FutureWarning: `torch.cuda.amp.autocast(args...)` is deprecated. Please use `torch.amp.autocast('cuda', args...)` instead.
  with torch.cuda.amp.autocast(amp):
      47/49      5.52G    0.02187    0.02364   0.004759         86        736:  33% 5/15 [00:02<00:06,  1.51it/s]/content/drive/MyDrive/Yolo_Object-Detection/yolov5/train.py:412: FutureWarning: `torch.cuda.amp.autocast(args...)` is deprecated. Please use `torch.amp.autocast('cuda', args...)` instead.
  with torch.cuda.amp.autocast(amp):
      47/49      5.52G    0.02099    0.02244   0.004471         50        736:  40% 6/15 [00:03<00:06,  1.45it/s]/content/drive/MyDrive/Yolo_Object-Detection/yolov5/train.py:412: FutureWarning: `torch.cuda.amp.autocast(args...)` is deprecated. Please use `torch.amp.autocast('cuda', args...)` instead.
  with torch.cuda.amp.autocast(amp):
      47/49      5.52G    0.02166    0.02261   0.004051         75        736:  47% 7/15 [00:04<00:05,  1.41it/s]/content/drive/MyDrive/Yolo_Object-Detection/yolov5/train.py:412: FutureWarning: `torch.cuda.amp.autocast(args...)` is deprecated. Please use `torch.amp.autocast('cuda', args...)` instead.
  with torch.cuda.amp.autocast(amp):
      47/49      5.52G    0.02208    0.02241   0.004353         63        736:  53% 8/15 [00:05<00:05,  1.21it/s]/content/drive/MyDrive/Yolo_Object-Detection/yolov5/train.py:412: FutureWarning: `torch.cuda.amp.autocast(args...)` is deprecated. Please use `torch.amp.autocast('cuda', args...)` instead.
  with torch.cuda.amp.autocast(amp):
      47/49      5.52G    0.02184    0.02184   0.004038         65        736:  60% 9/15 [00:05<00:03,  1.52it/s]/content/drive/MyDrive/Yolo_Object-Detection/yolov5/train.py:412: FutureWarning: `torch.cuda.amp.autocast(args...)` is deprecated. Please use `torch.amp.autocast('cuda', args...)` instead.
  with torch.cuda.amp.autocast(amp):
      47/49      5.52G    0.02227    0.02191   0.003797         68        736:  67% 10/15 [00:07<00:05,  1.17s/it]/content/drive/MyDrive/Yolo_Object-Detection/yolov5/train.py:412: FutureWarning: `torch.cuda.amp.autocast(args...)` is deprecated. Please use `torch.amp.autocast('cuda', args...)` instead.
  with torch.cuda.amp.autocast(amp):
      47/49      5.52G    0.02173    0.02155   0.003799         58        736:  73% 11/15 [00:08<00:03,  1.06it/s]/content/drive/MyDrive/Yolo_Object-Detection/yolov5/train.py:412: FutureWarning: `torch.cuda.amp.autocast(args...)` is deprecated. Please use `torch.amp.autocast('cuda', args...)` instead.
  with torch.cuda.amp.autocast(amp):
      47/49      5.52G     0.0228     0.0214   0.004377         69        736:  80% 12/15 [00:09<00:02,  1.06it/s]/content/drive/MyDrive/Yolo_Object-Detection/yolov5/train.py:412: FutureWarning: `torch.cuda.amp.autocast(args...)` is deprecated. Please use `torch.amp.autocast('cuda', args...)` instead.
  with torch.cuda.amp.autocast(amp):
      47/49      5.52G    0.02346     0.0217   0.004414         83        736:  87% 13/15 [00:09<00:01,  1.33it/s]/content/drive/MyDrive/Yolo_Object-Detection/yolov5/train.py:412: FutureWarning: `torch.cuda.amp.autocast(args...)` is deprecated. Please use `torch.amp.autocast('cuda', args...)` instead.
  with torch.cuda.amp.autocast(amp):
      47/49      5.52G    0.02474    0.02161   0.004281         70        736:  93% 14/15 [00:12<00:01,  1.25s/it]/content/drive/MyDrive/Yolo_Object-Detection/yolov5/train.py:412: FutureWarning: `torch.cuda.amp.autocast(args...)` is deprecated. Please use `torch.amp.autocast('cuda', args...)` instead.
  with torch.cuda.amp.autocast(amp):
      47/49      5.52G    0.02487    0.02143   0.004162         63        736: 100% 15/15 [00:12<00:00,  1.21it/s]
                 Class     Images  Instances          P          R      mAP50   mAP50-95: 100% 2/2 [00:02<00:00,  1.09s/it]
                   all         59        112      0.873      0.802      0.902      0.639

      Epoch    GPU_mem   box_loss   obj_loss   cls_loss  Instances       Size
  0% 0/15 [00:00<?, ?it/s]/content/drive/MyDrive/Yolo_Object-Detection/yolov5/train.py:412: FutureWarning: `torch.cuda.amp.autocast(args...)` is deprecated. Please use `torch.amp.autocast('cuda', args...)` instead.
  with torch.cuda.amp.autocast(amp):
      48/49      5.52G    0.02661    0.01873   0.002612         66        736:   7% 1/15 [00:00<00:04,  3.00it/s]/content/drive/MyDrive/Yolo_Object-Detection/yolov5/train.py:412: FutureWarning: `torch.cuda.amp.autocast(args...)` is deprecated. Please use `torch.amp.autocast('cuda', args...)` instead.
  with torch.cuda.amp.autocast(amp):
      48/49      5.52G    0.02084    0.01978   0.002594         70        736:  13% 2/15 [00:00<00:04,  3.18it/s]/content/drive/MyDrive/Yolo_Object-Detection/yolov5/train.py:412: FutureWarning: `torch.cuda.amp.autocast(args...)` is deprecated. Please use `torch.amp.autocast('cuda', args...)` instead.
  with torch.cuda.amp.autocast(amp):
      48/49      5.52G    0.01848    0.01829   0.002711         52        736:  20% 3/15 [00:01<00:09,  1.29it/s]/content/drive/MyDrive/Yolo_Object-Detection/yolov5/train.py:412: FutureWarning: `torch.cuda.amp.autocast(args...)` is deprecated. Please use `torch.amp.autocast('cuda', args...)` instead.
  with torch.cuda.amp.autocast(amp):
      48/49      5.52G    0.02078    0.01958   0.003045         72        736:  27% 4/15 [00:02<00:06,  1.65it/s]/content/drive/MyDrive/Yolo_Object-Detection/yolov5/train.py:412: FutureWarning: `torch.cuda.amp.autocast(args...)` is deprecated. Please use `torch.amp.autocast('cuda', args...)` instead.
  with torch.cuda.amp.autocast(amp):
      48/49      5.52G     0.0216    0.02009   0.002799         72        736:  33% 5/15 [00:03<00:07,  1.33it/s]/content/drive/MyDrive/Yolo_Object-Detection/yolov5/train.py:412: FutureWarning: `torch.cuda.amp.autocast(args...)` is deprecated. Please use `torch.amp.autocast('cuda', args...)` instead.
  with torch.cuda.amp.autocast(amp):
      48/49      5.52G    0.02202    0.01999   0.002548         69        736:  40% 6/15 [00:03<00:05,  1.67it/s]/content/drive/MyDrive/Yolo_Object-Detection/yolov5/train.py:412: FutureWarning: `torch.cuda.amp.autocast(args...)` is deprecated. Please use `torch.amp.autocast('cuda', args...)` instead.
  with torch.cuda.amp.autocast(amp):
      48/49      5.52G     0.0219    0.02076   0.002398         86        736:  47% 7/15 [00:04<00:06,  1.26it/s]/content/drive/MyDrive/Yolo_Object-Detection/yolov5/train.py:412: FutureWarning: `torch.cuda.amp.autocast(args...)` is deprecated. Please use `torch.amp.autocast('cuda', args...)` instead.
  with torch.cuda.amp.autocast(amp):
      48/49      5.52G    0.02269     0.0212   0.002504         77        736:  53% 8/15 [00:05<00:04,  1.54it/s]/content/drive/MyDrive/Yolo_Object-Detection/yolov5/train.py:412: FutureWarning: `torch.cuda.amp.autocast(args...)` is deprecated. Please use `torch.amp.autocast('cuda', args...)` instead.
  with torch.cuda.amp.autocast(amp):
      48/49      5.52G    0.02181    0.02109   0.002364         65        736:  60% 9/15 [00:06<00:04,  1.28it/s]/content/drive/MyDrive/Yolo_Object-Detection/yolov5/train.py:412: FutureWarning: `torch.cuda.amp.autocast(args...)` is deprecated. Please use `torch.amp.autocast('cuda', args...)` instead.
  with torch.cuda.amp.autocast(amp):
      48/49      5.52G    0.02224    0.02157   0.002268         85        736:  67% 10/15 [00:06<00:03,  1.53it/s]/content/drive/MyDrive/Yolo_Object-Detection/yolov5/train.py:412: FutureWarning: `torch.cuda.amp.autocast(args...)` is deprecated. Please use `torch.amp.autocast('cuda', args...)` instead.
  with torch.cuda.amp.autocast(amp):
      48/49      5.52G    0.02266    0.02197   0.002472         73        736:  73% 11/15 [00:07<00:03,  1.15it/s]/content/drive/MyDrive/Yolo_Object-Detection/yolov5/train.py:412: FutureWarning: `torch.cuda.amp.autocast(args...)` is deprecated. Please use `torch.amp.autocast('cuda', args...)` instead.
  with torch.cuda.amp.autocast(amp):
      48/49      5.52G    0.02353    0.02191   0.002431         72        736:  80% 12/15 [00:08<00:02,  1.36it/s]/content/drive/MyDrive/Yolo_Object-Detection/yolov5/train.py:412: FutureWarning: `torch.cuda.amp.autocast(args...)` is deprecated. Please use `torch.amp.autocast('cuda', args...)` instead.
  with torch.cuda.amp.autocast(amp):
      48/49      5.52G    0.02342     0.0217   0.002514         70        736:  87% 13/15 [00:09<00:01,  1.19it/s]/content/drive/MyDrive/Yolo_Object-Detection/yolov5/train.py:412: FutureWarning: `torch.cuda.amp.autocast(args...)` is deprecated. Please use `torch.amp.autocast('cuda', args...)` instead.
  with torch.cuda.amp.autocast(amp):
      48/49      5.52G    0.02351    0.02163   0.002415         81        736:  93% 14/15 [00:09<00:00,  1.48it/s]/content/drive/MyDrive/Yolo_Object-Detection/yolov5/train.py:412: FutureWarning: `torch.cuda.amp.autocast(args...)` is deprecated. Please use `torch.amp.autocast('cuda', args...)` instead.
  with torch.cuda.amp.autocast(amp):
      48/49      5.52G    0.02344     0.0217   0.002556         71        736: 100% 15/15 [00:10<00:00,  1.37it/s]
                 Class     Images  Instances          P          R      mAP50   mAP50-95: 100% 2/2 [00:01<00:00,  1.03it/s]
                   all         59        112      0.877      0.819      0.906      0.648

      Epoch    GPU_mem   box_loss   obj_loss   cls_loss  Instances       Size
  0% 0/15 [00:00<?, ?it/s]/content/drive/MyDrive/Yolo_Object-Detection/yolov5/train.py:412: FutureWarning: `torch.cuda.amp.autocast(args...)` is deprecated. Please use `torch.amp.autocast('cuda', args...)` instead.
  with torch.cuda.amp.autocast(amp):
      49/49      5.52G    0.02738    0.02406   0.002505         69        736:   7% 1/15 [00:00<00:06,  2.31it/s]/content/drive/MyDrive/Yolo_Object-Detection/yolov5/train.py:412: FutureWarning: `torch.cuda.amp.autocast(args...)` is deprecated. Please use `torch.amp.autocast('cuda', args...)` instead.
  with torch.cuda.amp.autocast(amp):
      49/49      5.52G    0.02107    0.02104   0.002522         68        736:  13% 2/15 [00:00<00:04,  2.72it/s]/content/drive/MyDrive/Yolo_Object-Detection/yolov5/train.py:412: FutureWarning: `torch.cuda.amp.autocast(args...)` is deprecated. Please use `torch.amp.autocast('cuda', args...)` instead.
  with torch.cuda.amp.autocast(amp):
      49/49      5.52G    0.01964    0.02163   0.002437         70        736:  20% 3/15 [00:01<00:03,  3.11it/s]/content/drive/MyDrive/Yolo_Object-Detection/yolov5/train.py:412: FutureWarning: `torch.cuda.amp.autocast(args...)` is deprecated. Please use `torch.amp.autocast('cuda', args...)` instead.
  with torch.cuda.amp.autocast(amp):
      49/49      5.52G    0.02148    0.02136   0.002348         65        736:  27% 4/15 [00:01<00:03,  3.04it/s]/content/drive/MyDrive/Yolo_Object-Detection/yolov5/train.py:412: FutureWarning: `torch.cuda.amp.autocast(args...)` is deprecated. Please use `torch.amp.autocast('cuda', args...)` instead.
  with torch.cuda.amp.autocast(amp):
      49/49      5.52G    0.02123    0.02075   0.002057         65        736:  33% 5/15 [00:03<00:08,  1.15it/s]/content/drive/MyDrive/Yolo_Object-Detection/yolov5/train.py:412: FutureWarning: `torch.cuda.amp.autocast(args...)` is deprecated. Please use `torch.amp.autocast('cuda', args...)` instead.
  with torch.cuda.amp.autocast(amp):
      49/49      5.52G    0.02327    0.02118   0.002393         77        736:  40% 6/15 [00:03<00:06,  1.39it/s]/content/drive/MyDrive/Yolo_Object-Detection/yolov5/train.py:412: FutureWarning: `torch.cuda.amp.autocast(args...)` is deprecated. Please use `torch.amp.autocast('cuda', args...)` instead.
  with torch.cuda.amp.autocast(amp):
      49/49      5.52G    0.02301    0.02107   0.002534         74        736:  47% 7/15 [00:06<00:10,  1.33s/it]/content/drive/MyDrive/Yolo_Object-Detection/yolov5/train.py:412: FutureWarning: `torch.cuda.amp.autocast(args...)` is deprecated. Please use `torch.amp.autocast('cuda', args...)` instead.
  with torch.cuda.amp.autocast(amp):
      49/49      5.52G    0.02395    0.02092   0.002372         68        736:  53% 8/15 [00:06<00:07,  1.03s/it]/content/drive/MyDrive/Yolo_Object-Detection/yolov5/train.py:412: FutureWarning: `torch.cuda.amp.autocast(args...)` is deprecated. Please use `torch.amp.autocast('cuda', args...)` instead.
  with torch.cuda.amp.autocast(amp):
      49/49      5.52G    0.02291    0.02105   0.002364         85        736:  60% 9/15 [00:07<00:06,  1.05s/it]/content/drive/MyDrive/Yolo_Object-Detection/yolov5/train.py:412: FutureWarning: `torch.cuda.amp.autocast(args...)` is deprecated. Please use `torch.amp.autocast('cuda', args...)` instead.
  with torch.cuda.amp.autocast(amp):
      49/49      5.52G     0.0233    0.02142   0.002408         79        736:  67% 10/15 [00:08<00:04,  1.13it/s]/content/drive/MyDrive/Yolo_Object-Detection/yolov5/train.py:412: FutureWarning: `torch.cuda.amp.autocast(args...)` is deprecated. Please use `torch.amp.autocast('cuda', args...)` instead.
  with torch.cuda.amp.autocast(amp):
      49/49      5.52G    0.02415    0.02198   0.003412         84        736:  73% 11/15 [00:09<00:03,  1.08it/s]/content/drive/MyDrive/Yolo_Object-Detection/yolov5/train.py:412: FutureWarning: `torch.cuda.amp.autocast(args...)` is deprecated. Please use `torch.amp.autocast('cuda', args...)` instead.
  with torch.cuda.amp.autocast(amp):
      49/49      5.52G    0.02438    0.02256   0.003331         96        736:  80% 12/15 [00:09<00:02,  1.34it/s]/content/drive/MyDrive/Yolo_Object-Detection/yolov5/train.py:412: FutureWarning: `torch.cuda.amp.autocast(args...)` is deprecated. Please use `torch.amp.autocast('cuda', args...)` instead.
  with torch.cuda.amp.autocast(amp):
      49/49      5.52G    0.02444    0.02232   0.003182         66        736:  87% 13/15 [00:11<00:02,  1.06s/it]/content/drive/MyDrive/Yolo_Object-Detection/yolov5/train.py:412: FutureWarning: `torch.cuda.amp.autocast(args...)` is deprecated. Please use `torch.amp.autocast('cuda', args...)` instead.
  with torch.cuda.amp.autocast(amp):
      49/49      5.52G    0.02402    0.02252   0.003219         79        736:  93% 14/15 [00:11<00:00,  1.21it/s]/content/drive/MyDrive/Yolo_Object-Detection/yolov5/train.py:412: FutureWarning: `torch.cuda.amp.autocast(args...)` is deprecated. Please use `torch.amp.autocast('cuda', args...)` instead.
  with torch.cuda.amp.autocast(amp):
      49/49      5.52G    0.02336    0.02224   0.003157         68        736: 100% 15/15 [00:12<00:00,  1.19it/s]
                 Class     Images  Instances          P          R      mAP50   mAP50-95: 100% 2/2 [00:01<00:00,  1.53it/s]
                   all         59        112      0.869      0.826      0.904      0.645

50 epochs completed in 0.233 hours.
Optimizer stripped from drive/MyDrive/Yolo_Object-Detection/yolov5/runs/train/exp8/weights/last.pt, 14.5MB
Optimizer stripped from drive/MyDrive/Yolo_Object-Detection/yolov5/runs/train/exp8/weights/best.pt, 14.5MB

Validating drive/MyDrive/Yolo_Object-Detection/yolov5/runs/train/exp8/weights/best.pt...
Fusing layers...
Model summary: 157 layers, 7018216 parameters, 0 gradients, 15.8 GFLOPs
                 Class     Images  Instances          P          R      mAP50   mAP50-95: 100% 2/2 [00:01<00:00,  1.01it/s]
                   all         59        112      0.876      0.819      0.906      0.649
                 apple         59         30      0.862        0.9      0.937      0.752
                banana         59         40      0.879      0.675      0.831      0.455
                orange         59         42      0.889      0.881      0.952      0.741
Results saved to [1mdrive/MyDrive/Yolo_Object-Detection/yolov5/runs/train/exp8[0m
